,0
0,https://www.jagran.com/news/national-police-conducts-raids-at-different-locations-in-bhima-koregaon-violence-case-18362495.html
1,https://www.jagran.com/uttarakhand/haridwar-conflict-between-two-groups-at-roorkee-18381338.html
2,https://www.jagran.com/world/united-kingdom-its-been-21-years-since-the-tragic-passing-of-princess-diana-jagran-special-18373509.html
3,https://www.jagran.com/punjab/gurdaspur-gurdaspur-janmashstmi-celebration-news-18381291.html
4,https://www.jagran.com/bihar/jamui-fir-lodged-18381392.html
5,https://www.jagran.com/news/national-government-could-take-action-against-social-media-heads-on-fake-news-18377285.html
6,https://www.jagran.com/jharkhand/chatra-chatra-news-18381367.html
7,https://www.jagran.com/haryana/hisar-asiangames2018-amit-panghal-wins-gold-medal-in-mens-49-kg-boxing-final-18377536.html
8,https://www.jagran.com/technology/tech-guide-how-to-clean-and-fix-smartphone-scratches-with-toothpaste-18373456.html
9,https://www.jagran.com/world/middle-east-iran-giving-missile-to-iraqi-shia-fighters-raised-this-step-to-scare-away-their-enemies-18374903.html
10,https://www.jagran.com/uttarakhand/almora-50-trials-for-rural-premier-league-18381354.html
11,https://www.jagran.com/jharkhand/ranchi-lalu-prasad-yadav-says-to-judge-me-have-many-diseases-18370782.html
12,https://www.jagran.com/news/national-marwari-society-forbids-girls-dance-on-road-18372122.html
13,https://www.jagran.com/news/national-three-lakh-rewarded-naxalite-killed-in-chhattisgarh-encounter-18357195.html
14,https://www.jagran.com/delhi/new-delhi-city-ncr-why-chandni-chowk-will-be-the-perfect-place-to-shop-in-future-common-man-issues-18343506.html
15,https://www.jagran.com/delhi/new-delhi-city-ncr-delhi-book-fair-2018-from-august-25-common-man-issues-18346914.html
16,https://www.jagran.com/news/national-35-naxalites-killed-in-operation-monsoon-in-53-days-18289161.html
17,https://www.jagran.com/punjab/chandigarh-navjot-singh-sidhu-comments-on-prakash-singh-badal-family-18380728.html
18,https://www.jagran.com/delhi/new-delhi-city-ncr-this-is-the-worlds-longest-tongue-common-man-issues-18336482.html
19,https://www.jagran.com/news/national-swine-flu-drug-will-come-out-of-skin-of-red-frog-jagran-special-18378891.html
20,https://www.jagran.com/news/national-justice-ranjan-gogoi-to-take-charge-as-the-new-chief-justice-of-india-on-october3-18378415.html
21,https://www.jagran.com/news/national-remembered-on-birthday-of-dushyant-habib-and-rahi-masoom-raza-jagran-special-18377492.html
22,https://www.jagran.com/news/national-air-india-is-not-permanently-shutting-down-from-october-flag-carrier-dispels-rumors-18360199.html
23,https://www.jagran.com/bihar/saran-many-decision-taken-in-the-meeting-18381453.html
24,https://www.jagran.com/haryana/ambala-misbehavior-with-minor-girl-in-dehradun-18373640.html
25,https://www.jagran.com/news/national-this-terrorist-organization-give-temptation-kashmiri-youth-131-youth-joins-this-year-18357120.html
26,https://www.jagran.com/automobile/car-buyer-guide-you-should-have-these-important-features-in-your-car-18343558.html
27,https://www.jagran.com/news/national-varansi-where-last-rites-also-a-festival-with-band-and-dance-jagran-special-18372039.html
28,https://www.jagran.com/world/united-kingdom-mosquitoes-will-treat-dengue-18278168.html
29,https://www.jagran.com/news/national-ms-dhoni-meet-with-jaguar-team-in-jharkhand-18355604.html
30,https://www.jagran.com/uttar-pradesh/mirzapur-raising-relief-material-for-kerala-calamity-18381334.html
31,https://www.jagran.com/news/national-jammu-and-kashmir-encounter-between-terrorists-and-security-forces-in-anantnag-munward-18365759.html
32,https://www.jagran.com/world/america-now-the-software-will-tell-crime-spot-police-will-have-the-advantage-18247116.html
33,https://www.jagran.com/news/national-india-is-celebrating-raksha-bandhan-festival-18355605.html
34,https://www.jagran.com/news/national-marride-women-torture-for-dowry-18330544.html
35,https://www.jagran.com/politics/national-cops-get-more-time-to-file-charge-sheet-for-june-arrests-in-maoist-links-case-18380943.html
36,https://www.jagran.com/world/other-beware-from-research-robot-and-hackers-they-are-easily-thief-your-important-data-jagran-special-18258459.html
37,https://www.jagran.com/politics/national-supreme-court-starts-brainstorm-why-only-man-guilty-of-fornication-18268153.html
38,https://www.jagran.com/news/national-ncr-asian-games-pavitra-announced-her-win-one-day-before-jagran-special-18355679.html
39,https://www.jagran.com/world/other-australia-largest-marine-military-practice-of-kakadu-launched-18381260.html
40,https://www.jagran.com/news/national-ncr-muslim-husband-struggling-shradh-ritual-for-his-dead-hindu-wife-common-man-issues-18300933.html
41,https://www.jagran.com/news/national-child-helpline-number-received-crores-of-silent-calls-in-last-three-years-18351506.html
42,https://www.jagran.com/news/national-kiki-challenge-is-dangerous-for-your-life-jagran-special-18262251.html
43,https://www.jagran.com/news/national-cic-says-action-taken-on-loan-defaulters-should-be-made-public-18368252.html
44,https://www.jagran.com/news/national-the-widow-will-not-have-to-give-nutrition-to-her-in-laws-18294948.html
45,https://www.jagran.com/news/national-taj-protection-and-preservation-sc-raise-question-on-up-government-18362463.html
46,https://www.jagran.com/news/national-pathalgarhi-conspirator-javier-soy-arrested-conspiracy-to-provoke-villagers-and-mislead-publicity-18356549.html
47,https://www.jagran.com/bihar/siwan-problem-from-bad-street-light-18381322.html
48,https://www.jagran.com/news/national-ddt-metabolite-in-pregnant-women-linked-to-autism-in-kids-jagran-special-18332552.html
49,https://www.jagran.com/uttar-pradesh/sonbhadra-strike-of-strike-workers-contracted-all-returned-to-work-18381380.html
50,https://www.jagran.com/technology/social-media-facebook-invites-applications-for-various-designations-for-top-jobs-18332366.html
51,https://www.jagran.com/business/top15-four-reasons-why-going-for-digital-payments-18369702.html
52,https://www.jagran.com/business/savings-modi-govt-to-introduce-gold-savings-account-know-its-benefits-18359174.html
53,https://www.jagran.com/delhi/new-delhi-city-ncr-eid-celebration-in-india-on-august-22-common-man-issues-18336241.html
54,https://www.jagran.com/world/indonesia-more-than-70000-homeless-after-deadly-lombok-quake-18293262.html
55,https://www.jagran.com/news/national-surprising-health-benefits-of-falsa-fruit-jagran-special-18251169.html
56,https://www.jagran.com/haryana/sonipat-gohana-sonipat-haryana-18381326.html
57,https://www.jagran.com/news/national-illegal-sale-of-old-warnings-tobacco-products-bans-from-1st-september-common-man-issue-18372068.html
58,https://www.jagran.com/news/national-ncr-court-plane-high-jack-two-released-18359638.html
59,https://www.jagran.com/world/japan-enhanced-listening-skill-makes-robot-better-at-talking-18343349.html
60,https://www.jagran.com/news/national-indian-navy-chopper-airlift-to-pregnant-women-in-kerala-flood-18323903.html
61,https://www.jagran.com/news/national-terror-group-hizb-ul-mujahideen-commander-syed-salahuddin-history-18369686.html
62,https://www.jagran.com/haryana/mewat-master-basruddin-18381434.html
63,https://www.jagran.com/news/national-eating-broccoli-can-help-prevent-colon-cancer-study-says-18319091.html
64,https://www.jagran.com/punjab/fazilka-abh-dav-school-18381410.html
65,https://www.jagran.com/news/national-mcmp-tirupati-made-one-of-the-safest-cities-in-the-country-175921850.html
66,https://www.jagran.com/news/national-when-you-become-group-admin-by-default-you-may-face-this-problem-18243562.html
67,https://www.jagran.com/punjab/fazilka-fazilka-parivartan-yatra-18381375.html
68,https://www.jagran.com/haryana/mewat-shri-krrishn-18381418.html
69,https://www.jagran.com/odisha/sundergarh-house-callapes-in-heavy-rain-in-birmitrapur-18381378.html
70,https://www.jagran.com/news/national-malnutrition-is-the-main-cause-of-india-to-back-jagran-special-18377404.html
71,https://www.jagran.com/news/national-national-testing-agency-will-provide-free-govt-coaching-to-jee-mains-and-ugc-net-student-registration-proccess-begins-from-first-september-18369798.html
72,https://www.jagran.com/news/national-new-time-table-of-railway-special-emphasis-on-reducing-rush-at-stations-18316820.html
73,https://www.jagran.com/cricket/match-report-match-report-of-india-vs-england-fourth-test-match-day-02-in-southampton-18373601.html
74,https://www.jagran.com/politics/national-govt-asks-telecom-companies-on-how-facebook-and-whatsapp-can-be-blocked-in-india-18286591.html
75,https://www.jagran.com/news/national-reduce-the-side-effects-of-snakes-the-snake-dosh-yaga-being-done-in-this-state-18367324.html
76,https://www.jagran.com/news/national-daughter-was-not-allowed-to-love-in-another-religion-the-father-killed-four-lacquer-couples-by-giving-four-lakhs-18371485.html
77,https://www.jagran.com/news/national-ncr-cbse-asked-schools-to-not-assign-homework-students-upto-class-2nd-issue-circular-after-madras-high-court-order-common-man-issue-18317307.html
78,https://www.jagran.com/news/national-nia-arrested-jail-superintendent-who-was-indulge-in-terrorist-activity-18365682.html
79,https://www.jagran.com/news/national-indian-air-force-chetak-helicopter-emergency-landing-in-siddipet-telangana-18366092.html
80,https://www.jagran.com/news/national-female-genital-mutilation-leaves-permanent-emotional-scar-on-girls-said-supreme-court-18362072.html
81,https://www.jagran.com/technology/social-media-whatsapp-messages-can-be-modified-by-hackers-security-firm-warns-three-possible-attacks-18301104.html
82,https://www.jagran.com/himachal-pradesh/bilaspur-hp-kapahada-and-ghandir-school-in-khokho-final-18381264.html
83,https://www.jagran.com/himachal-pradesh/una-mla-satpal-rayjada-in-santosgarh-18381398.html
84,https://www.jagran.com/news/national-navy-rescued-nearly-17-thousand-keralites-from-floods-kochi-18358772.html
85,https://www.jagran.com/automobile/new-car-launches-ducati-scrambler-1100-launched-in-india-18358662.html
86,https://www.jagran.com/news/national-indian-navy-chief-admiral-sunil-lamba-to-meet-kerala-chief-minister-18369687.html
87,https://www.jagran.com/news/national-only-one-state-will-have-to-pay-the-income-tax-return-date-not-exceeded-up-to31-18370641.html
88,https://www.jagran.com/news/national-bus-collides-with-a-standing-truck-four-passengers-die-more-than-20-injured-in-ambikapur-chhattishgarh-18369887.html
89,https://www.jagran.com/haryana/mewat-crime-news-18381425.html
90,https://www.jagran.com/haryana/sonipat-sonipat-haryana-18381331.html
91,https://www.jagran.com/news/national-plane-will-fly-from-biofuels-for-the-first-time-in-india-jagran-special-18355942.html
92,https://www.jagran.com/news/national-90-girl-student-suspended-from-school-for-mehndi-18359984.html
93,https://www.jagran.com/news/national-medha-patkar-fined-for-rupees-seven-thousand-18360924.html
94,https://www.jagran.com/punjab/firozpur-addicted-mothers-milk-became-poison-for-new-born-child-jagran-special-18380713.html
95,https://www.jagran.com/news/national-seven-people-died-in-a-road-accident-in-tamilnadu-18377369.html
96,https://www.jagran.com/news/national-central-government-is-considering-allowing-its-employees-to-go-abroad-on-leave-travel-concession-18247099.html
97,https://www.jagran.com/himachal-pradesh/sirmaur-alligation-on-ladies-18381408.html
98,https://www.jagran.com/politics/national-uidai-warns-people-not-to-share-aadhaar-18266004.html
99,https://www.jagran.com/world/china-robots-replace-waiters-in-china-restaurant-18289222.html
100,https://www.jagran.com/business/savings-five-products-you-can-start-investing-with-just-rupees-500-a-month-18366127.html
101,https://www.jagran.com/uttar-pradesh/agra-city-janmashtmi-celebration-in-mathura-18381332.html
102,https://www.jagran.com/uttar-pradesh/lucknow-city-minister-ashutosh-tandon-inaugurated-sports-complex-in-iit-18373546.html
103,https://www.jagran.com/punjab/moga-2-booked-in-ndps-act-18381400.html
104,https://www.jagran.com/news/national-jammu-kashmir-terrorist-kidnapped-policemen-son-in-kashmir-tral-18373207.html
105,https://www.jagran.com/bihar/bhojpur-cultural-prograame-18381359.html
106,https://www.jagran.com/automobile/new-car-launches-new-generation-mitsubishi-outlander-launched-in-india-18332581.html
107,https://www.jagran.com/world/russia-passenger-plane-overshoots-runway-and-catches-fire-in-sochi-18-people-injured-18377455.html
108,https://www.jagran.com/news/national-flood-hit-kerala-sounds-alert-for-leptospirosis-18380729.html
109,https://www.jagran.com/news/national-women-set-up-a-hundred-years-of-employment-prepare-tea-garden-for-20-acres-jagran-special-18357325.html
110,https://www.jagran.com/cricket/experts-vvs-laxman-said-team-india-won-the-nottingham-test-due-to-the-performance-of-these-players-18343487.html
111,https://www.jagran.com/delhi/new-delhi-city-ncr-principal-sitting-at-the-desk-behind-the-class-common-man-issues-18332606.html
112,https://www.jagran.com/uttarakhand/almora-sayings-on-chr39-kurti-chr39-chr39-save-the-daughter-chr39-18381283.html
113,https://www.jagran.com/punjab/chandigarh-golden-girl-vineesh-said-precious-gift-found-on-birthday-18374226.html
114,https://www.jagran.com/news/national-commonly-used-chemotherapy-drug-can-lead-to-heart-failure-jagran-special-18297313.html
115,https://www.jagran.com/bihar/bhagalpur-rjd-mp-18381285.html
116,https://www.jagran.com/news/national-new-mobile-companies-will-be-able-to-provide-trial-services-for-six-months-18375252.html
117,https://www.jagran.com/cricket/bouncer-england-all-rounder-sam-curran-scores-most-runs-against-india-in-a-test-series-batting-at-no-8-or-below-18380917.html
118,https://www.jagran.com/bihar/bhojpur-training-of-voter-list-18381352.html
119,https://www.jagran.com/news/national-nsui-district-general-secretary-caught-selling-smek-18356284.html
120,https://www.jagran.com/news/national-the-kite-business-is-bigger-than-your-thinking-jagran-special-18311800.html
121,https://www.jagran.com/himachal-pradesh/una-singer-rohit-awarded-18381374.html
122,https://www.jagran.com/technology/tech-guide-instagram-blue-tick-verification-know-how-to-verify-your-instagram-account-18369722.html
123,https://www.jagran.com/news/national-enhanced-duty-implement-from-today-to-see-monuments-of-country-18291471.html
124,https://www.jagran.com/business/expert-column-mutual-funds-work-better-than-traditional-conventional-savings-tools-for-old-age-18282052.html
125,https://www.jagran.com/news/national-7-year-old-girl-who-was-sleeping-outside-the-house-was-taken-away-by-the-poor-misdeed-18356750.html
126,https://www.jagran.com/business/savings-how-to-use-your-mf-sip-to-help-finance-your-dream-home-18370137.html
127,https://www.jagran.com/himachal-pradesh/shimla-momo-challenge-game-jagran-special-18332482.html
128,https://www.jagran.com/himachal-pradesh/una-youth-congress-press-confrence-18381341.html
129,https://www.jagran.com/news/national-doctors-who-take-administrative-positions-will-not-get-service-extension-18363719.html
130,https://www.jagran.com/news/national-pune-police-claims-naxalites-get-connected-with-kashmiri-separatists-18373356.html
131,https://www.jagran.com/technology/tech-news-pm-modi-ranked-most-powerful-linkedin-profile-in-2018-after-twitter-18346941.html
132,https://www.jagran.com/cricket/apni-baat-farokh-engineer-and-syed-kirmani-impressed-with-rishabh-pant-confidence-on-test-debut-18369880.html
133,https://www.jagran.com/himachal-pradesh/una-teacher-balwinder-awarded-18381270.html
134,https://www.jagran.com/world/other-earthquake-with-6-point-9-magnitude-richter-scale-in-indonesia-18330448.html
135,https://www.jagran.com/news/national-be-careful-these-links-to-whatsapp-can-put-you-at-risk-18285510.html
136,https://www.jagran.com/world/america-indian-ceo-arrested-on-visa-fraud-charge-18377722.html
137,https://www.jagran.com/news/national-ias-officer-made-such-education-given-to-son-of-rickshaw-jagran-special-18377261.html
138,https://www.jagran.com/automobile/latest-news-pm-narendra-modi-travel-in-these-cars-know-in-detail-18347310.html
139,https://www.jagran.com/news/national-mcmp-trichurapalli-become-number-1-in-ease-of-living-index-175921876.html
140,https://www.jagran.com/cricket/bouncer-ind-vs-eng-kl-rahul-flop-show-continue-in-test-series-18381137.html
141,https://www.jagran.com/uttar-pradesh/azamgarh-removed-celebration-18381344.html
142,https://www.jagran.com/world/america-palestinians-condemn-us-ending-funding-for-un-refugee-agency-18377719.html
143,https://www.jagran.com/world/america-study-finds-obsession-for-flawless-selfie-can-affect-mental-health-jagran-special-18285369.html
144,https://www.jagran.com/news/national-beware-of-fake-sms-of-income-tax-department-18270271.html
145,https://www.jagran.com/delhi/new-delhi-city-ncr-change-the-process-of-driving-license-soon-common-man-issues-18332272.html
146,https://www.jagran.com/automobile/latest-news-ford-india-sales-increase-by-over-3-per-cent-in-august2018-18378556.html
147,https://www.jagran.com/world/indonesia-indonesian-earthquake-death-toll-reaches555-18347233.html
148,https://www.jagran.com/world/america-us-to-stop-aid-to-palestinian-refugee-agency-18377271.html
149,https://www.jagran.com/news/national-information-in-sudha-bhardwaj-letter-is-matching-with-police-information-on-naxal-bhima-koregaon-case-jagran-special-18379149.html
150,https://www.jagran.com/technology/latest-launch-yu-ace-launched-in-india-at-rs-5999-with-dual-4g-support-and-4000mah-battery-18370098.html
151,https://www.jagran.com/news/national-all-the-11-policemen-and-their-families-abducted-by-terrorists-18375969.html
152,https://www.jagran.com/business/expert-column-india-and-us-trade-deficit-decreases-18282013.html
153,https://www.jagran.com/cricket/bouncer-indian-and-england-is-palying-fourth-test-match-in-southampton-18379341.html
154,https://www.jagran.com/news/national-action-will-be-taken-on-social-media-head-on-fake-news-18369573.html
155,https://www.jagran.com/world/america-contact-lenses-contribute-to-increasing-microplastic-pollution-jagran-special-18340084.html
156,https://www.jagran.com/news/national-jain-monk-tarun-sagar-maharaj-health-is-critical-started-santhara-18373405.html
157,https://www.jagran.com/world/united-kingdom-faster-charging-smartphone-batteries-in-the-offing-jagran-special-18262301.html
158,https://www.jagran.com/haryana/ambala-misbehavior-with-minor-girl-in-mulana-18380885.html
159,https://www.jagran.com/delhi/new-delhi-city-ncr-delhi-metro-to-run-extra-trips-and-railway-decided-to-run-ladies-special-trains-on-raksha-bandhan-18347128.html
160,https://www.jagran.com/news/national-asaram-son-increased-difficulties-court-ordered-in-favor-of-daughter-in-law-18378858.html
161,https://www.jagran.com/uttar-pradesh/jalaun-problems-of-waterrelated-problems-in-indira-nagar-18381396.html
162,https://www.jagran.com/news/national-three-militants-killed-in-army-operation-18378352.html
163,https://www.jagran.com/uttar-pradesh/jalaun-on-the-first-installment-there-is-no-toilet-in-the-settlement-18381414.html
164,https://www.jagran.com/world/japan-robots-will-teach-english-to-make-children-skillful-in-japan-18336805.html
165,https://www.jagran.com/news/national-ncr-know-about-1978-geeta-chopra-assault-and-murder-or-ranga-billa-case-jagran-special-18365887.html
166,https://www.jagran.com/automobile/latest-news-honda-patents-cb300r-in-india-18369859.html
167,https://www.jagran.com/bihar/supaul-1212222-18381447.html
168,https://www.jagran.com/world/middle-east-irans-khamenei-says-ready-to-abandon-nuclear-deal-if-needed-18367627.html
169,https://www.jagran.com/business/insurance-filing-an-insurance-claim-keep-these-tips-in-mind-18359129.html
170,https://www.jagran.com/west-bengal/bardhaman-coal-officers-meeting-18381329.html
171,https://www.jagran.com/technology/apps-banking-holiday-message-going-viral-on-whatsapp-know-the-truth-behind-this-18373431.html
172,https://www.jagran.com/news/national-caution-before-staying-at-the-hotel-room-common-man-issues-18304883.html
173,https://www.jagran.com/news/national-deaths-due-to-stroke-diabetes-higher-in-india-than-those-in-the-west-jagran-special-18255065.html
174,https://www.jagran.com/uttar-pradesh/lucknow-city-janmashtami-celebration-2018-in-lucknow-18381201.html
175,https://www.jagran.com/news/national-gujarat-government-notice-to-school-on-teacher-allegedly-cuts-off-rakhi-tied-with-students-wrist-18367980.html
176,https://www.jagran.com/business/savings-four-investment-options-for-the-next-one-year-18362512.html
177,https://www.jagran.com/news/national-kerala-floods-cbse-to-provide-digital-certificates-to-students-18362186.html
178,https://www.jagran.com/news/national-better-signal-on-employment-front-from-gdp-figures-18375087.html
179,https://www.jagran.com/news/national-humanity-shameless-dead-bodies-taken-in-garbage-burial-in-animal-graveyard-18372132.html
180,https://www.jagran.com/business/top15-five-exclusive-features-that-paytm-offers-18366343.html
181,https://www.jagran.com/news/national-china-releases-water-it-can-be-devastated-in-arunachal-and-assam-18371609.html
182,https://www.jagran.com/maharashtra/pune-pune-man-puts-up-over-300-banners-in-plush-locality-to-make-up-with-girlfriend-18326698.html
183,https://www.jagran.com/news/national-railway-certificate-to-show-cancer-victims-for-relaxation-in-train-fares-18303074.html
184,https://www.jagran.com/punjab/patiala-former-minister-phillaurs-bail-plea-dismiss-18377269.html
185,https://www.jagran.com/world/america-checking-emails-after-work-is-bad-for-your-partner-as-well-as-you-jagran-special-18311639.html
186,https://www.jagran.com/news/national-india-france-to-begin-work-on-maritime-surveillance-satellites-next-year-2019-jagran-special-18358581.html
187,https://www.jagran.com/politics/national-ac-trains-will-be-replaced-by-second-ac-coach-capital-and-duronto-will-be-replaced-by-premium-trains-18349431.html
188,https://www.jagran.com/politics/national-prepaid-smart-meter-for-your-electricity-will-be-very-soon-jagran-special-18239584.html
189,https://www.jagran.com/news/national-local-kashmiri-joining-terror-groups-in-kashmir-highest-since2010-18358557.html
190,https://www.jagran.com/news/national-kerala-flood-destroyed-life-of-aranmula-kanna-makers-18365988.html
191,https://www.jagran.com/world/united-kingdom-gurdwara-in-uk-burnt-in-suspected-arson-attack-18365896.html
192,https://www.jagran.com/cricket/headlines-bcci-have-to-pay-the-fine-of-almost-10-crores-here-is-the-reason-18243295.html
193,https://www.jagran.com/news/national-cow-will-used-to-down-glbal-warming-impect-on-us-know-more-about-it-jagran-special-18377405.html
194,https://www.jagran.com/news/national-nasa-solved-egmore-express-train-roof-loot-case-satellite-pictures-identified-robbers-18362147.html
195,https://www.jagran.com/uttar-pradesh/mirzapur-grant-can-be-received-by-september-14-profit-is-18381444.html
196,https://www.jagran.com/world/america-new-slippery-packaging-can-cut-food-waste-18289259.html
197,https://www.jagran.com/news/national-google-doodle-celebrates-110th-birthday-of-sir-don-bradman-18358499.html
198,https://www.jagran.com/lifestyle/miscellaneous-changes-of-our-urban-society-in-this-global-and-hitech-world-jagran-special-18289268.html
199,https://www.jagran.com/news/national-madhya-pradesh-spend-millions-on-jatropha-plants-but-unable-to-make-single-drop-fuel-18362179.html
200,https://www.jagran.com/world/indonesia-strong-deep-earthquake-shakes-area-off-indonesia-18325615.html
201,https://www.jagran.com/jharkhand/chatra-chatra-news-18381324.html
202,https://www.jagran.com/bihar/saran-aap-party-fasting-18381361.html
203,https://www.jagran.com/entertainment/bollywood-face-off-song-will-shoot-between-kangana-ranaut-and-ankita-lokhande-18380960.html
204,https://www.jagran.com/uttar-pradesh/mau-the-killer-of-wife-and-daughters-did-not-know-18381358.html
205,https://www.jagran.com/bihar/samastipur-resolve-to-clean-the-ganga-18381385.html
206,https://www.jagran.com/cricket/apni-baat-india-have-a-golden-chance-to-win-first-ever-test-series-in-australia-says-shane-warne-18367739.html
207,https://www.jagran.com/news/national-it-is-expected-that-for-the-next-5-days-there-wont-be-heavy-rainfall-in-kerala-says-meteorological-department-18329453.html
208,https://www.jagran.com/news/national-indian-banks-to-take-strong-measures-to-tackle-cyber-attacks-18318670.html
209,https://www.jagran.com/news/national-jagran-special-elon-musk-mars-dream-hinges-on-a-giant-new-rocket-16792888.html
210,https://www.jagran.com/news/national-modi-government-sold-toilet-water-in-78-crore-jagran-special-18362273.html
211,https://www.jagran.com/world/america-parental-smoking-in-childhood-and-adult-obstructive-lung-disease-jagran-special-18322431.html
212,https://www.jagran.com/himachal-pradesh/mandi-sundernagar-news-18381390.html
213,https://www.jagran.com/world/china-belt-and-road-initiative-is-also-helping-china-to-tackle-trade-war-jagran-special-18367367.html
214,https://www.jagran.com/jharkhand/chatra-chatra-news-18381339.html
215,https://www.jagran.com/news/national-the-situation-is-terrible-in-kerala-the-biggest-relief-and-rescue-operations-continue-18326926.html
216,https://www.jagran.com/world/united-kingdom-robot-friend-can-encourage-kids-to-read-18362271.html
217,https://www.jagran.com/news/national-jain-monk-tarun-sagar-maharaj-controversial-statement-on-love-jehad-muslim-population-18377481.html
218,https://www.jagran.com/himachal-pradesh/bilaspur-hp-information-on-aatya-patya-game-18381254.html
219,https://www.jagran.com/news/national-facebook-closed-for-a-while-trend-started-facebook-down-18276524.html
220,https://www.jagran.com/news/national-chhattisgarh-biofuel-project-aircraft-flies-from-dehradun-to-delhi-18362291.html
221,https://www.jagran.com/business/banking-loan-reasons-people-prefer-digital-lending-over-traditional-options-18341238.html
222,https://www.jagran.com/technology/tech-news-fifa-2018-telecom-company-jio-offering-2gb-extra-data-for-four-days-18137402.html
223,https://www.jagran.com/news/national-isro-will-launch-chandrayaan-2-in-next-year-march-18362348.html
224,https://www.jagran.com/cricket/apni-baat-sam-curran-78-runs-inning-against-india-in-fourth-test-match-18374398.html
225,https://www.jagran.com/world/indonesia-tourists-fleeing-tourist-island-lombok-of-indonesia-after-tremor-shock-18285780.html
226,https://www.jagran.com/news/national-mumbai-sessions-court-denies-remand-of-sharad-kalaskar-to-cbi-18366087.html
227,https://www.jagran.com/technology/tech-news-realme-2-new-competition-under-10000-rs-budget-smartphone-range-18375873.html
228,https://www.jagran.com/bihar/jamui-fir-lodged-18381403.html
229,https://www.jagran.com/news/national-ncr-top-commander-of-manipur-based-banned-terrorist-outfit-kangleipak-communist-party-arrested-in-delhi-18365945.html
230,https://www.jagran.com/punjab/chandigarh-amritsar-to-middle-east-countries-to-start-business-again-18377845.html
231,https://www.jagran.com/world/america-twitter-plans-threaded-conversations-who-is-online-feature-18378102.html
232,https://www.jagran.com/bihar/bhojpur-18-boat-registered-18381368.html
233,https://www.jagran.com/news/national-turmeric-can-treat-glaucoma-18243521.html
234,https://www.jagran.com/uttar-pradesh/bhadohi-demand-of-arrest-18381413.html
235,https://www.jagran.com/technology/tech-news-vodafone-idea-mobile-service-now-biggest-telecom-company-in-india-18373934.html
236,https://www.jagran.com/technology/review-jio-vs-airtel-vs-vodafone-know-all-the-latest-plans-18364626.html
237,https://www.jagran.com/uttar-pradesh/sonbhadra-four-people-from-the-same-family-scorched-with-thunder-18381443.html
238,https://www.jagran.com/news/national-take-care-of-the-eyes-in-the-rainy-season-18289162.html
239,https://www.jagran.com/news/national-demonetisation-achieves-all-targets-problem-of-counterfeit-notes-curb-18367360.html
240,https://www.jagran.com/news/national-whatsapp-has-now-started-group-video-calling-after-video-calling-18262302.html
241,https://www.jagran.com/technology/tech-guide-5-things-that-you-should-keep-in-your-mind-before-buying-a-refrigerator-18364662.html
242,https://www.jagran.com/bihar/samastipur-oldaged-boy-killed-in-kalyanpur-18381327.html
243,https://www.jagran.com/haryana/sonipat-gohana-sonipat-haryana-18381307.html
244,https://www.jagran.com/news/national-supreme-court-asks-all-states-to-complete-the-audit-of-the-shelter-homes-18362525.html
245,https://www.jagran.com/automobile/latest-news-bollywood-actor-sanjay-dutt-have-these-luxury-cars-in-his-car-collection-18362126.html
246,https://www.jagran.com/news/national-applications-in-the-supreme-court-to-adjourn-hearing-on-35-a-18368207.html
247,https://www.jagran.com/world/russia-with-new-engine-russia-to-re-pitch-su-57-stealth-fighter-project-to-india-18344311.html
248,https://www.jagran.com/news/national-global-hindi-and-indian-culture-will-be-the-main-theme-of-world-hindi-day-18325550.html
249,https://www.jagran.com/automobile/car-reviews-mahindra-marazzo-vs-toyota-innova-crysta-18336388.html
250,https://www.jagran.com/news/national-bollywood-megastar-amitabh-bachchan-to-help-to-families-of-martyrs-and-farmers-18364384.html
251,https://www.jagran.com/cricket/headlines-bcci-election-can-be-held-with-in-90-days-said-vinod-rai-18362206.html
252,https://www.jagran.com/technology/latest-launch-ifa-2018-zte-motorola-blackberry-htc-sony-launched-new-smartphones-18374135.html
253,https://www.jagran.com/automobile/latest-news-maruti-suzuki-sales-dip-over-3-percent-in-august2018-18377416.html
254,https://www.jagran.com/news/national-hpjagranspecial-birthday-special-habib-has-brought-chhatisgarh-folk-drama-nacha-to-international-stage-18378763.html
255,https://www.jagran.com/news/national-conspiracy-to-kill-modi-raids-six-states-five-more-arrested-18364150.html
256,https://www.jagran.com/news/national-badwani-farmer-lalita-mukati-famous-for-organic-farming-will-be-honored-by-pm-narendra-modi-jagran-special-18371215.html
257,https://www.jagran.com/news/national-shatabdi-express-interior-like-home-jagran-special-18343431.html
258,https://www.jagran.com/news/national-gps-device-will-be-used-to-improve-trains-time-flexi-fares-will-continue-in-the-railways-18338077.html
259,https://www.jagran.com/automobile/car-buyer-guide-most-common-mistakes-committed-by-royal-enfield-riders-18347143.html
260,https://www.jagran.com/technology/apps-download-these-4-gaming-apps-from-google-play-store-18364808.html
261,https://www.jagran.com/uttar-pradesh/raebareli-six-arrested-in-murder-case-18381316.html
262,https://www.jagran.com/bihar/saran-inspection-of-mla-and-bdo-18381287.html
263,https://www.jagran.com/punjab/chandigarh-parkash-singh-badal-and-capt-amarinder-singh-face-to-face-18380720.html
264,https://www.jagran.com/business/banking-loan-you-can-get-tax-benefits-and-better-interest-rates-in-sbis-ppf-account-18357677.html
265,https://www.jagran.com/politics/national-know-the-facts-behind-the-kerala-flood-its-not-only-because-of-rain-jagran-special-18325956.html
266,https://www.jagran.com/maharashtra/mumbai-shivsena-attacks-bjp-over-demonetization-18373861.html
267,https://www.jagran.com/world/canada-fake-news-nets-12-million-dollars-compensation-for-nri-businessman-18347483.html
268,https://www.jagran.com/business/insurance-how-to-get-your-car-insured-against-heavy-rains-tree-collapse-18343573.html
269,https://www.jagran.com/himachal-pradesh/una-mayank-bhardwaj-awarded-18381309.html
270,https://www.jagran.com/himachal-pradesh/bilaspur-hp-nss-camp-in-ohar-school-18381015.html
271,https://www.jagran.com/world/canada-smartphone-use-making-us-more-distracted-jagran-special-18315199.html
272,https://www.jagran.com/news/national-suicide-game-momo-challenge-viral-on-whatsapp-18365776.html
273,https://www.jagran.com/punjab/fazilka-abh-saloni-18381423.html
274,https://www.jagran.com/news/national-consuming-milk-at-breakfast-lowers-blood-sugar-in-diabetics-18332989.html
275,https://www.jagran.com/news/national-nutritious-diet-helpful-in-reducing-the-risk-of-cancer-18258665.html
276,https://www.jagran.com/news/national-2007-hyderabad-twin-bomb-blasts-case-judgement-day-18358504.html
277,https://www.jagran.com/news/national-judicial-commission-probing-ziram-massacre-extended-for-11th-time-18375915.html
278,https://www.jagran.com/world/america-facebook-has-purged-tens-of-thousands-of-fake-accounts-from-its-platform-18243127.html
279,https://www.jagran.com/news/national-action-on-2972-male-passengers-has-been-taken-on-the-information-of-tejaswini-group-18258195.html
280,https://www.jagran.com/news/national-meet-visually-impaired-janki-an-example-for-young-people-will-play-in-para-asian-games-jagran-special-18366022.html
281,https://www.jagran.com/news/national-5g-will-not-work-in-your-4g-mobile-18285811.html
282,https://www.jagran.com/bihar/bhojpur-order-of-arresting-18381347.html
283,https://www.jagran.com/news/national-lion-hearted-cop-of-chhattisgarh-ajit-ogre-out-of-turn-promotion-jagran-special-18358861.html
284,https://www.jagran.com/jharkhand/dumka-janmashtami-celebrated-in-ramgarh-18381394.html
285,https://www.jagran.com/news/national-tourism-comes-to-grinding-halt-in-flood-hit-kerala-18358656.html
286,https://www.jagran.com/news/national-a-94-years-ago-gandhiji-raised-rs-6000-for-the-flood-victims-of-kerala-18356297.html
287,https://www.jagran.com/jharkhand/latehar-hindalco-distribute-medicated-mosquito-net-18381360.html
288,https://www.jagran.com/news/national-ecologist-madhav-gadgil-who-suggested-a-ban-on-new-industrial-and-mining-activities-in-kerala-jagran-special-18358490.html
289,https://www.jagran.com/world/united-kingdom-new-app-may-encourage-kids-to-eat-veggies-jagran-special-18293360.html
290,https://www.jagran.com/news/national-keralafloods-contribution-to-kerala-chief-ministers-distress-relief-fund-reaches-rs-1027-crore-18373379.html
291,https://www.jagran.com/bihar/buxar-sdp-splve-problem-18381446.html
292,https://www.jagran.com/cricket/apni-baat-england-vs-india-2018-harbhajan-singh-says-i-was-surprised-ravichandran-ashwin-didnt-get-a-wicket-18380835.html
293,https://www.jagran.com/news/national-inadequate-representation-of-sc-st-may-be-the-basis-of-quota-in-promotion-18373359.html
294,https://www.jagran.com/news/national-twitter-rolls-out-twitter-lite-to-21-more-countries-enabled-with-push-notification-18319052.html
295,https://www.jagran.com/bihar/siwan-first-patient-18381432.html
296,https://www.jagran.com/politics/international-pm-modi-inaugurates-400-bed-nepal-bharat-maitri-pashupati-dharamshala-18375254.html
297,https://www.jagran.com/news/national-low-level-air-pollution-levels-may-increase-risk-of-heart-failure-18278224.html
298,https://www.jagran.com/news/national-know-about-major-leetul-gogoi-found-guilty-in-srinagar-hotel-case-jagran-special-18358719.html
299,https://www.jagran.com/news/national-husbands-kin-not-to-be-roped-in-marital-cases-if-crime-not-made-out-says-sc-18340285.html
300,https://www.jagran.com/news/national-court-of-inquiry-in-respect-to-major-leetul-gogoi-has-ordered-to-initiate-disciplinary-action-18358691.html
301,https://www.jagran.com/news/national-indian-parents-work-extra-hours-for-their-children-university-education-18258460.html
302,https://www.jagran.com/news/national-visually-challenged-students-hold-protest-against-abusive-in-charge-18380776.html
303,https://www.jagran.com/haryana/bhiwani-girl-murder-in-bhiwani-18377376.html
304,https://www.jagran.com/news/national-your-eyes-can-predict-risk-of-parkinson-disease-jagran-special-18332702.html
305,https://www.jagran.com/world/united-kingdom-influential-people-of-society-can-quickly-decide-his-decision-18332432.html
306,https://www.jagran.com/news/national-blue-light-from-smartphones-could-accelerate-blindness-18311780.html
307,https://www.jagran.com/world/america-please-do-not-use-your-phone-in-class-jagran-special-18262330.html
308,https://www.jagran.com/news/national-get-now-automatic-permissions-to-blow-drone-planes-in-indian-sky-18360362.html
309,https://www.jagran.com/uttar-pradesh/varanasi-city-road-accident-in-chandauli-district-two-girl-student-died-18381451.html
310,https://www.jagran.com/news/national-job-news-indian-railway-to-fill-60-thousand-posts-of-loco-pilot-and-technician-common-man-issue-18270823.html
311,https://www.jagran.com/punjab/fazilka-fazilka-tandurast-mission-18381293.html
312,https://www.jagran.com/jharkhand/godda-congress-baithak-18381345.html
313,https://www.jagran.com/odisha/rourkela-janmasmi-utsav-in-school-18381404.html
314,https://www.jagran.com/punjab/amritsar-voice-of-the-amritsar-plant-planted-in-training-center-18381431.html
315,https://www.jagran.com/world/america-mind-body-therapies-can-help-teens-with-anxiety-study-says-18262316.html
316,https://www.jagran.com/jharkhand/dhanbad-railway-tte-18381405.html
317,https://www.jagran.com/world/america-er-actress-vanessa-marquez-shot-and-killed-by-police-during-welfare-check-at-her-home-18377425.html
318,https://www.jagran.com/news/national-australia-to-practice-marine-practice-kakadu-with-25-countries-in2018-18374965.html
319,https://www.jagran.com/uttar-pradesh/ghazipur-thieves-carry-millions-of-goods-18381357.html
320,https://www.jagran.com/delhi/new-delhi-city-ncr-delhi-police-arrested-a-girl-who-involved-in-ex-boyfriend-murder-18381075.html
321,https://www.jagran.com/news/national-know-diabetic-patients-should-eat-more-guava-jagran-special-18274262.html
322,https://www.jagran.com/news/national-first-real-semi-high-speed-train-to-run-between-delhi-and-bhopal-later-this-year-common-man-issue-18344860.html
323,https://www.jagran.com/news/national-27th-august-jagran-top-ten-news-18358509.html
324,https://www.jagran.com/news/national-modi-government-will-provide-permanent-house-to-all-by2022-18360302.html
325,https://www.jagran.com/news/national-encounter-underway-between-security-forces-and-terrorists-in-shopian-18380710.html
326,https://www.jagran.com/world/other-in-a-decade-many-parts-of-the-capital-of-thailand-will-come-into-the-sea-know-whose-threat-18381044.html
327,https://www.jagran.com/world/other-general-miller-administered-the-command-of-nato-army-in-afghanistan-18381105.html
328,https://www.jagran.com/news/national-no-more-free-insurance-for-train-travel-option-out-or-pay-up-says-indian-railways-18306152.html
329,https://www.jagran.com/news/national-gas-sensing-gut-pill-beats-breath-test-diagnosis-18274355.html
330,https://www.jagran.com/jharkhand/latehar-farewell-of-retired-principal-18381401.html
331,https://www.jagran.com/news/national-wrestlers-getting-ready-in-khandwa-dream-for-medal-18366182.html
332,https://www.jagran.com/technology/tech-guide-whatsapp-users-must-manually-back-up-their-chats-and-media-data-before-this-date-18362454.html
333,https://www.jagran.com/business/expert-column-pattern-of-development-is-changing-in-india-18379369.html
334,https://www.jagran.com/news/national-ncr-rapid-rail-will-be-weather-proof-jagran-special-18373638.html
335,https://www.jagran.com/politics/international-government-seeks-help-from-google-to-spread-digital-awareness-among-farmers-18374210.html
336,https://www.jagran.com/technology/tech-news-jio-vodafone-and-bsnl-offer-prepaid-plan-under-100-rs-know-the-details-18373756.html
337,https://www.jagran.com/technology/review-oppo-realme-2-vs-oppo-realme-1-read-full-comparison-18364867.html
338,https://www.jagran.com/news/national-letter-writing-competition-18323358.html
339,https://www.jagran.com/news/national-google-android-9-is-officially-called-android-pie-jagran-special-18293121.html
340,https://www.jagran.com/news/national-instead-of-polishing-stations-focus-on-increasing-number-of-platforms-and-length-of-railways-18293090.html
341,https://www.jagran.com/politics/national-president-kovind-leaves-on-an-eight-day-tour-of-cyprus-bulgaria-and-czech-republic-18380745.html
342,https://www.jagran.com/politics/international-pm-modi-meets-nepalese-counterpart-k-p-sharma-oli-18373981.html
343,https://www.jagran.com/news/national-now-difficult-to-treatment-of-health-from-health-insurance-18264135.html
344,https://www.jagran.com/bihar/nawada-resolution-to-strengthen-the-organization-in-the-meeting-18381376.html
345,https://www.jagran.com/jharkhand/latehar-lalhi-chhath-pooja-celebrate-18381306.html
346,https://www.jagran.com/politics/international-pakistan-pm-imran-khan-helicopter-ride-for-work-social-media-funny-reactions-18377422.html
347,https://www.jagran.com/news/national-bimstec-summit-last-day-18373392.html
348,https://www.jagran.com/news/national-pune-ranked-one-on-ease-of-living-index-18311895.html
349,https://www.jagran.com/news/national-center-government-attacking-reserve-bank-to-save-gspc-from-bankruptcy-18359745.html
350,https://www.jagran.com/automobile/latest-news-ashok-leyland-sales-grow-by-27-percent-and-ve-commercial-vehicles-sells-6069-units-in-august2018-18378641.html
351,https://www.jagran.com/jharkhand/dhanbad-electricity-department-officials-are-teasing-the-public-18381321.html
352,https://www.jagran.com/news/national-earth-and-we-are-now-our-relation-is-very-horrible-jagran-special-18262192.html
353,https://www.jagran.com/uttarakhand/udhamsingh-nagar-janmashtami-chr39-s-dhoom-in-indiani-international-school-18381450.html
354,https://www.jagran.com/world/america-facebook-deletes-652-fake-accounts-targeting-world-politics-18340024.html
355,https://www.jagran.com/uttar-pradesh/gorakhpur-city-cm-yogi-inaugurated-crc-18381300.html
356,https://www.jagran.com/bihar/buxar-demand-to-remove-manager-18381399.html
357,https://www.jagran.com/uttar-pradesh/gorakhpur-city-kushinagar-basti-district-deepens-the-risk-of-floods-18380972.html
358,https://www.jagran.com/news/national-solar-eclipse-2018-when-will-the-third-and-last-solar-eclipse-of-the-year-take-place-18289250.html
359,https://www.jagran.com/news/national-more-than-60-million-people-are-living-in-areas-where-microorganisms-are-at-a-dangerous-level-jagran-special-18315489.html
360,https://www.jagran.com/news/national-distances-will-reduce-from-laying-new-railway-line-between-indore-and-manmad-18364095.html
361,https://www.jagran.com/news/national-there-will-be-no-need-to-carry-debit-or-credit-card-to-fill-petrol-and-diesel-on-petrol-pump-across-the-country-18274234.html
362,https://www.jagran.com/news/national-modi-government-struggling-to-save-forest-from-uncontrollable-fire-18367509.html
363,https://www.jagran.com/news/national-railway-minister-said-wi-fi-will-be-provided-at-six-thousand-station-18365767.html
364,https://www.jagran.com/delhi/new-delhi-city-ncr-know-who-says-punjabis-but-not-quite-punjabi-jagran-special-18351744.html
365,https://www.jagran.com/delhi/new-delhi-city-ncr-this-book-helpful-for-india-and-pakistan-friendship-18373353.html
366,https://www.jagran.com/news/national-guru-sandipani-asharam-where-lord-krishna-and-balram-learned-jagran-special-18378906.html
367,https://www.jagran.com/news/national-dsp-created-by-giving-out-of-turn-promotion-to-53-inspectors-facing-naxalites-18360561.html
368,https://www.jagran.com/uttar-pradesh/raebareli-case-against-four-persons-18381363.html
369,https://www.jagran.com/news/national-after-dawood-son-moin-chhota-sakeel-son-mubashir-become-maulana-in-karachi-18358619.html
370,https://www.jagran.com/cricket/match-report-afghanistan-beat-ireland-in-the-first-odi-but-tim-murtagh-won-the-heart-18362391.html
371,https://www.jagran.com/haryana/sirsa-an-unspecified-strike-of-mphdb-continues-after-esma-18381379.html
372,https://www.jagran.com/automobile/car-buyer-guide-four-safest-made-in-india-cars-sale-in-foreign-18343626.html
373,https://www.jagran.com/business/insurance-health-insurance-to-now-cover-mental-illness-18332510.html
374,https://www.jagran.com/news/national-the-glow-of-your-face-will-remain-with-help-of-atheistic-medicine-18266238.html
375,https://www.jagran.com/business/biz-india-post-payments-bank-to-start-from-first-september-18369639.html
376,https://www.jagran.com/news/national-viral-message-of-bank-closed-in-september-first-week-is-fake-banks-will-remain-open-says-government-common-man-issue-18374987.html
377,https://www.jagran.com/punjab/hoshiarpur-god-comes-on-earth-to-abolish-sins-sadhwi-rajni-bharti-18381319.html
378,https://www.jagran.com/news/national-effects-of-air-pollution-on-human-health-and-practical-measures-jagran-special-18343639.html
379,https://www.jagran.com/cricket/bouncer-rishabh-pant-out-on-zero-in-first-innings-of-southampton-test-match-18375544.html
380,https://www.jagran.com/news/national-study-reveals-video-games-may-boost-empathy-in-kids-jagran-special-18315220.html
381,https://www.jagran.com/world/indonesia-earthquake-on-lombok-island-of-indonesia-18332276.html
382,https://www.jagran.com/punjab/moga-misery-lying-in-the-streets-and-empty-plots-if-there-is-no-arrangement-18381087.html
383,https://www.jagran.com/world/america-new-study-finds-fake-low-quality-medicines-prevalent-in-developing-countries-18311599.html
384,https://www.jagran.com/world/russia-russia-blocks-publication-of-un-report-critical-of-north-korea-18373371.html
385,https://www.jagran.com/technology/review-nokia-61-plus-vs-honor-9n-which-one-is-best-under-16000-rupees-18344925.html
386,https://www.jagran.com/uttarakhand/haridwar-wild-animal-18381441.html
387,https://www.jagran.com/uttarakhand/udhamsingh-nagar-broken-wire-from-tree-twigs-fall-18381421.html
388,https://www.jagran.com/technology/review-oppo-realme-2-vs-honor-9n-vs-honor-7a-which-one-is-best-under-budget-segment-18365064.html
389,https://www.jagran.com/bihar/buxar-deadbody-of-son-18381323.html
390,https://www.jagran.com/news/national-wife-missing-with-son-for-last-six-months-husband-ask-for-help-from-chief-ministers-of-two-states-jagran-special-18369957.html
391,https://www.jagran.com/automobile/car-reviews-2018-maruti-suzuki-ciaz-petrol-test-drive-review-18343440.html
392,https://www.jagran.com/politics/national-know-more-about-india-post-payment-bank-jagan-special-18377476.html
393,https://www.jagran.com/news/national-a-growing-challenge-for-teenagers-is-creating-a-new-kind-of-challenge-jagran-special-18369765.html
394,https://www.jagran.com/news/national-victims-of-assult-doctors-refused-to-do-abortion-18353355.html
395,https://www.jagran.com/himachal-pradesh/bilaspur-hp-dangar-ladror-in-bad-condition-18381010.html
396,https://www.jagran.com/world/america-mind-will-grow-by-meditation-but-excessive-exercise-can-loss-your-body-jagran-special-18300984.html
397,https://www.jagran.com/news/national-yellow-orange-red-what-do-the-weather-alert-colours-really-mean-jagran-special-18332349.html
398,https://www.jagran.com/news/national-13-years-in-jail-waiting-for-high-court-verdict-and-now-free-18356757.html
399,https://www.jagran.com/world/america-new-3d-printed-device-could-help-treat-spinal-cord-injuries-jagran-special-18304691.html
400,https://www.jagran.com/news/national-breastfeeding-good-for-newborn-baby-and-also-for-mom-jagran-special-18278329.html
401,https://www.jagran.com/uttar-pradesh/mau-data-feed-of-5000-beneficiaries-of-mata-vandana-18381303.html
402,https://www.jagran.com/cricket/headlines-afghanistan-squad-for-the-asia-cup-2018-announced-18381278.html
403,https://www.jagran.com/news/national-delhi-railways-to-run-ladies-special-trains-on-raksha-bandhan-18347137.html
404,https://www.jagran.com/world/china-china-will-curb-online-game-to-save-children-eyes-18373889.html
405,https://www.jagran.com/world/pakistan-more-than-12-children-abused-every-day-in-first-half-of-2018-in-pakistan-ngo-sahil-report-claims-18373662.html
406,https://www.jagran.com/news/national-weak-eye-site-student-is-allowed-to-study-mbbs-18362073.html
407,https://www.jagran.com/news/national-huawei-caught-using-a-dslr-to-fake-smartphone-selfies-commonman-issues-18336359.html
408,https://www.jagran.com/news/national-ncr-know-weather-update-in-16-states-including-delhi-common-man-issues-18343246.html
409,https://www.jagran.com/uttar-pradesh/azamgarh-rs-51-thousand-aid-to-kerala-victims-18381402.html
410,https://www.jagran.com/news/national-ants-have-amazing-ability-to-see-jagran-special-18377413.html
411,https://www.jagran.com/politics/national-6-qualities-of-atal-bihari-vajpayee-that-can-help-you-18332693.html
412,https://www.jagran.com/uttar-pradesh/sonbhadra-threat-to-the-security-of-the-extended-project-by-encroachment-18381370.html
413,https://www.jagran.com/news/national-now-momo-gave-knock-in-kolkata-family-in-panic-18379241.html
414,https://www.jagran.com/uttar-pradesh/ghazipur-brahmin-forum-raised-voice-against-the-scst-act-18381384.html
415,https://www.jagran.com/cricket/apni-baat-cheteshwar-pujara-hit-century-against-england-in-fourth-test-match-18378508.html
416,https://www.jagran.com/haryana/mewat-devlopment-problem-news-18381454.html
417,https://www.jagran.com/news/national-veteran-mother-of-the-martyrs-contributing-to-the-venture-tax-fund-18312878.html
418,https://www.jagran.com/cricket/experts-no-ball-is-big-problem-for-indian-fast-bowler-jaspreet-bumrah-18371617.html
419,https://www.jagran.com/world/united-kingdom-india-among-nations-most-affected-by-landslides-due-to-human-activities-jagran-special-18351595.html
420,https://www.jagran.com/uttar-pradesh/varanasi-city-professional-course-for-bride-in-iit-bhu-varanasi-18381280.html
421,https://www.jagran.com/jharkhand/latehar-villagers-angered-by-not-receiving-compensation-18381430.html
422,https://www.jagran.com/world/america-this-hair-loss-gene-could-help-improve-cancer-treatment-18270043.html
423,https://www.jagran.com/bihar/saharsa-fighting-18381422.html
424,https://www.jagran.com/news/national-eating-radish-may-prevent-heart-disease-and-stroke-jagran-special-18304839.html
425,https://www.jagran.com/automobile/car-reviews-2018-ford-freestyle-petrol-test-drive-review-18175947.html
426,https://www.jagran.com/news/national-dont-believe-on-social-media-blindly-jagran-special-18270278.html
427,https://www.jagran.com/world/america-eating-this-many-carbs-is-linked-to-a-longer-life-jagran-special-18325649.html
428,https://www.jagran.com/news/national-a-new-challenge-made-by-digital-technic-for-the-parents-the-children-making-curious-common-man-issues-18298594.html
429,https://www.jagran.com/news/national-should-mobile-phones-be-banned-in-schools-jagran-special-18270512.html
430,https://www.jagran.com/news/national-odisha-police-issues-advisory-against-deadly-game-momo-challenge-18380794.html
431,https://www.jagran.com/news/national-alcohol-kills-28-lakhs-worldwide-annually-18349098.html
432,https://www.jagran.com/punjab/chandigarh-capt-amarinder-singh-and-pm-modi-meet-18380725.html
433,https://www.jagran.com/news/national-jagran-special-on-article-35a-of-the-constitution-of-india-18358706.html
434,https://www.jagran.com/politics/national-president-says-extremely-delay-in-justice-became-the-identity-of-indian-law-system-18379711.html
435,https://www.jagran.com/world/united-kingdom-india-population-growth-rate-is-overestimated-says-study-report-18274291.html
436,https://www.jagran.com/cricket/headlines-sabbir-rahman-slapped-with-six-month-ban-from-international-cricket-18380865.html
437,https://www.jagran.com/business/insurance-know-what-is-first-second-and-third-party-insurance-18369851.html
438,https://www.jagran.com/politics/national-railways-multipurpose-stalls-to-sell-low-cost-medicines-at-stations-18297728.html
439,https://www.jagran.com/news/national-health-benefits-of-camphor-jagran-special-18301193.html
440,https://www.jagran.com/cricket/match-report-match-report-of-india-vs-england-fourth-test-match-day-03-in-southampton-18377463.html
441,https://www.jagran.com/business/top15-how-much-is-the-bank-liable-if-your-account-gets-hacked-what-rbi-says-18366771.html
442,https://www.jagran.com/bihar/siwan-protest-in-sadar-hospital-18381429.html
443,https://www.jagran.com/punjab/hoshiarpur-prabhatfari-took-place-from-shri-radha-krishna-temple-18381312.html
444,https://www.jagran.com/news/national-itbp-evacuated-a-woman-from-kondagaons-hadeli-and-brought-her-to-dist-hospital-in-itbp-ambulance-18302415.html
445,https://www.jagran.com/news/national-four-terrorists-arrested-in-kupwara-district-handwara-18355640.html
446,https://www.jagran.com/delhi/new-delhi-city-ncr-noida-greater-noida-metro-link-to-become-operational-in-november-common-man-issues-18334458.html
447,https://www.jagran.com/news/national-ncr-jewar-international-airport-will-be-named-on-atal-bihari-vajpayee-18355652.html
448,https://www.jagran.com/automobile/latest-news-honda-sales-drop-by-2-per-cent-in-aug2018-18380711.html
449,https://www.jagran.com/politics/national-trs-leader-k-chandrashekar-rao-telangana-state-assembly-to-be-dissolved-opposition-congress-and-bjp-react-differently-18378152.html
450,https://www.jagran.com/news/national-pune-police-told-in-court-maoists-wanted-to-target-big-leaders-18368348.html
451,https://www.jagran.com/news/national-dr-ambedkar-national-merit-awards-2017-to-meritorious-sc-st-students-by-union-minister-thawar-chand-gehlot-18367970.html
452,https://www.jagran.com/bihar/saran-shobha-yatra-18381279.html
453,https://www.jagran.com/uttarakhand/udhamsingh-nagar-truck-driver-dies-in-dubious-circumstances-18381215.html
454,https://www.jagran.com/news/national-sbi-starts-blocking-insecure-atm-cards-18308185.html
455,https://www.jagran.com/news/national-supreme-court-judges-sing-songs-for-flood-victims-of-kerala-18360787.html
456,https://www.jagran.com/bihar/buxar-preach-by-saint-18381417.html
457,https://www.jagran.com/news/national-police-have-now-enough-evidence-to-prove-plotting-of-big-conspiracy-against-government-letters-written-by-maoists-18375528.html
458,https://www.jagran.com/technology/tech-guide-how-to-unlock-your-android-smartphone-if-it-gets-locked-18370022.html
459,https://www.jagran.com/news/national-at-home-speaking-mother-tongue-is-faster-know-how-18347963.html
460,https://www.jagran.com/world/america-the-truth-behind-data-stolen-eyes-keep-on-your-every-message-and-activity-18258681.html
461,https://www.jagran.com/automobile/new-car-launches-2018-maruti-suzuki-ciaz-facelift-launced-in-india-18332635.html
462,https://www.jagran.com/news/national-railways-increase-the-fee-for-bath-and-toilet-three-times-18272023.html
463,https://www.jagran.com/west-bengal/bardhaman-road-accident-18381369.html
464,https://www.jagran.com/bihar/kaimoor-workers-will-bring-the-partys-aim-to-villagevillage-18381294.html
465,https://www.jagran.com/news/national-notice-of-human-rights-commission-to-maharashtra-government-in-case-of-arrest-of-maoist-activists-18368324.html
466,https://www.jagran.com/news/national-gamma-therapy-is-the-best-therapy-for-brain-tumour-jagran-special-18208217.html
467,https://www.jagran.com/news/national-big-natural-disaster-compensation-of-four-lakh-to-kin-of-dead-people-in-kerala-floods-18306079.html
468,https://www.jagran.com/news/national-baby-death-due-to-the-end-of-oxygen-in-the-ambulance-cylinder-18360406.html
469,https://www.jagran.com/politics/national-pm-narendra-modi-releases-vice-president-venkaiah-naidu-book-18380827.html
470,https://www.jagran.com/technology/social-media-twitter-lite-app-launched-in-india-which-will-work-on-2g-or-3g-network-with-all-features-18320155.html
471,https://www.jagran.com/business/banking-loan-know-what-you-should-do-immediately-after-lost-your-credit-and-debit-card-18358778.html
472,https://www.jagran.com/chhattisgarh/raipur-chhattisgarh-state-tourism-minister-dayaldas-baghel-snatching-farmer-land-and-threatening-him-18377375.html
473,https://www.jagran.com/news/national-eveery-year-india-needs-two-lakh-kedney-50-thousand-heart-and-same-lever-for-tranplant-jagran-special-18312187.html
474,https://www.jagran.com/haryana/mewat-shri-krrishn-18381411.html
475,https://www.jagran.com/haryana/sonipat-sonipat-haryana-18381340.html
476,https://www.jagran.com/news/national-eight-year-old-girl-committed-suicide-after-watching-crime-petrol-18380707.html
477,https://www.jagran.com/news/national-unsurpassed-scheme-of-modi-government-to-woo-youth-in-field-of-agriculture-18371352.html
478,https://www.jagran.com/cricket/match-report-match-report-of-india-vs-england-fourth-test-match-day-01-in-southampton-18369794.html
479,https://www.jagran.com/automobile/car-reviews-honda-dio-dlx-and-yamaha-ray-zr-110-street-rally-price-and-feature-comparison-18202675.html
480,https://www.jagran.com/bihar/bhojpur-17-wrestlers-selected-18381371.html
481,https://www.jagran.com/world/japan-north-korea-still-serious-and-imminent-threat-said-japan-18362086.html
482,https://www.jagran.com/himachal-pradesh/bilaspur-hp-sanitary-campayning-in-badova-village-18381288.html
483,https://www.jagran.com/news/national-encounter-between-terrorists-and-security-forces-in-bandipora-18369577.html
484,https://www.jagran.com/world/indonesia-tourist-exodus-from-lombok-as-quake-toll-hits98-18289448.html
485,https://www.jagran.com/news/national-diabetes-patients-should-not-ignore-the-back-pain-common-man-issues-18266081.html
486,https://www.jagran.com/delhi/new-delhi-city-ncr-muslim-husband-done-her-hindu-wifes-shradh-common-man-issues-18315494.html
487,https://www.jagran.com/world/other-series-of-explosions-reported-at-syrian-military-airport-jagran-special-18380755.html
488,https://www.jagran.com/punjab/fazilka-fazilka-dengue-news-18381298.html
489,https://www.jagran.com/uttar-pradesh/mirzapur-four-times-the-compensation-from-the-circuit-rate-otherwise-the-movement-will-18381427.html
490,https://www.jagran.com/world/america-pentagon-cancels-aid-to-pakistan-over-record-on-militants-18380712.html
491,https://www.jagran.com/haryana/faridabad-fridabad-chess-sports-winning-18381412.html
492,https://www.jagran.com/delhi/new-delhi-city-ncr-know-significance-of-water-quality-in-human-life-18347280.html
493,https://www.jagran.com/business/savings-earn-upto-5500-rupee-monthly-income-by-investing-in-this-post-office-schme-18365910.html
494,https://www.jagran.com/haryana/yamunanagar-chief-minister-manohar-lal-in-yamunanagar-18377589.html
495,https://www.jagran.com/automobile/car-buyer-guide-this-solar-fan-device-of-rs-350-will-work-as-ac-in-your-car-18369724.html
496,https://www.jagran.com/news/national-high-court-asked-what-is-the-effect-of-condemnation-punishment-even-if-it-is-not-mine-18375217.html
497,https://www.jagran.com/news/national-railways-will-use-gps-based-devices-to-stop-train-during-breakage-of-railway-track-18369582.html
498,https://www.jagran.com/haryana/sonipat-effigy-18381351.html
499,https://www.jagran.com/news/national-symptoms-causes-and-treatments-of-dengue-common-man-issues-18266107.html
500,https://www.jagran.com/business/savings-this-post-office-scheme-can-give-you-more-return-than-bank-saving-account-18369581.html
501,https://www.jagran.com/uttar-pradesh/mau-knowledge-of-vedic-mathematics-will-solve-hard-sources-18381282.html
502,https://www.jagran.com/bihar/bhojpur-chowkidar-threats-of-strike-18381350.html
503,https://www.jagran.com/news/national-court-order-life-sentence-to-accused-of-murder-in-devas-18364381.html
504,https://www.jagran.com/news/national-problems-of-ovarian-cyst-increasing-in-women-18266284.html
505,https://www.jagran.com/bihar/kaimoor-20-anganwadi-workers-union-will-hold-18381348.html
506,https://www.jagran.com/news/national-uidai-announces-phased-rollout-of-face-authentication-with-telcos-from-sept15-18326794.html
507,https://www.jagran.com/cricket/match-report-match-report-of-india-vs-england-fourth-test-match-day-04-in-southampton-18380900.html
508,https://www.jagran.com/punjab/ludhiana-dangal-girl-babita-fougat-in-ludhiana-18377264.html
509,https://www.jagran.com/news/national-supreme-court-stays-declaration-of-results-of-ssc-combined-graduate-level-exam2017-18373595.html
510,https://www.jagran.com/news/national-broadband-internet-can-cause-sleep-deprivation-18289286.html
511,https://www.jagran.com/news/national-campaign-start-to-protect-rivers-and-reservoirs-with-imported-pests-18356410.html
512,https://www.jagran.com/punjab/moga-convention-of-sukhpal-khahera-in-moga-18381158.html
513,https://www.jagran.com/news/national-know-about-some-special-women-on-women-equality-day-18355719.html
514,https://www.jagran.com/news/national-adivasi-performed-protest-in-madhya-pradesh-18380708.html
515,https://www.jagran.com/uttarakhand/dehradun-city-plutonium-pack-still-buried-in-nanda-devi-peak-jagran-special-18288763.html
516,https://www.jagran.com/uttar-pradesh/aligarh-city-love-begins-with-phone-call-marriage-now-arrest-18381140.html
517,https://www.jagran.com/punjab/fazilka-jagran-special-on-ved-allah-18289707.html
518,https://www.jagran.com/news/national-29th-august-jagran-top-ten-news-18365817.html
519,https://www.jagran.com/technology/latest-launch-lg-launched-world-s-first-8k-oled-tv-in-ifa2018-18370218.html
520,https://www.jagran.com/news/national-five-year-old-boy-suffered-serious-injuries-after-attacked-by-dogs-18365811.html
521,https://www.jagran.com/bihar/jamui-asha-done-meeting-for-demand-18381433.html
522,https://www.jagran.com/uttar-pradesh/lucknow-city-capital-punishment-is-better-than-halala-18295051.html
523,https://www.jagran.com/news/national-kannauj-sensor-man-jeetu-shukla-will-shine-on-film-screen-like-padman-18377591.html
524,https://www.jagran.com/news/national-india-has-277-fake-engineering-colleges-delhi-highest-with-66-common-man-issues-18270390.html
525,https://www.jagran.com/news/national-ncr-is-arvind-kejeiwal-believe-in-caste-system-jagran-special-18369640.html
526,https://www.jagran.com/news/national-honour-killing-accused-died-in-road-accident-18369575.html
527,https://www.jagran.com/news/national-saif-ali-khan-gets-relief-from-tax-on-notional-rental-income-for-6-thousand-square-feet-apartment-in-hicon-residency-18363738.html
528,https://www.jagran.com/world/canada-this-app-will-increase-smartphones-battery-life-jagran-special-18322405.html
529,https://www.jagran.com/world/pakistan-pakistan-needed-9-billion-dollars-in-difficult-economic-conditions-18374846.html
530,https://www.jagran.com/odisha/rourkela-toilate-problame-inindiranagar-basti-18381355.html
531,https://www.jagran.com/world/america-us-scientists-design-smart-wristband-to-monitor-health-conditions-and-environmental-exposures-18293327.html
532,https://www.jagran.com/news/national-brave-school-girls-tips-ensure-safety-of-a-dozen-people-18341754.html
533,https://www.jagran.com/politics/international-pm-narendra-modi-leaves-for-nepal-to-attend-bimstec-summit-18369576.html
534,https://www.jagran.com/news/national-miraculous-escape-of-child-in-bengaluru-road-mishap-common-man-issues-18340142.html
535,https://www.jagran.com/himachal-pradesh/mandi-janmanch-in-thaltukhod-18381437.html
536,https://www.jagran.com/news/national-28th-august-jagran-top-ten-news-18362097.html
537,https://www.jagran.com/world/other-at-95-world-war-2-veteran-breaks-own-record-as-oldest-scuba-diver-18380869.html
538,https://www.jagran.com/punjab/ludhiana-misbehavior-with-minor-girl-in-khanna-18381094.html
539,https://www.jagran.com/bihar/jamui-train-stopped-sor-half-hour-18381377.html
540,https://www.jagran.com/uttar-pradesh/auraiya-abc-starts-lines-to-prevent-electricity-theft-18381415.html
541,https://www.jagran.com/jharkhand/chatra-chatra-news-18381435.html
542,https://www.jagran.com/himachal-pradesh/bilaspur-hp-railly-road-in-bad-condition-18381436.html
543,https://www.jagran.com/haryana/hisar-problems-speaking-children-of-working-parents-and-single-family-18380884.html
544,https://www.jagran.com/news/national-game-to-create-10-million-entrepreneurs-and-50-million-jobs-by-2030-common-man-issue-18338378.html
545,https://www.jagran.com/cricket/apni-baat-we-got-enough-seam-and-swing-in-first-innings-says-jaspreet-bumrah-18374171.html
546,https://www.jagran.com/world/other-meet-the-italian-oncologist-who-claims-a-massive-success-using-baking-soda-based-treatment-on-cancer-patients-jagran-special-18266355.html
547,https://www.jagran.com/news/national-panic-attacks-and-panic-disorder-symptoms-treatment-and-tips-jagran-special-18352055.html
548,https://www.jagran.com/news/national-india-is-suffering-from-double-standards-of-malnutrition-and-obesity-jagran-special-18377308.html
549,https://www.jagran.com/haryana/sonipat-crime-news-18381296.html
550,https://www.jagran.com/news/national-lokayukta-team-seized-illegal-properties-of-a-government-accountant-zakir-hussain-18371454.html
551,https://www.jagran.com/politics/international-luxury-vehicles-of-pakistans-pm-house-to-be-auctioned-on-september17-18377716.html
552,https://www.jagran.com/jharkhand/chatra-gumla-news-18381397.html
553,https://www.jagran.com/jharkhand/latehar-regular-to-para-teachers-18381448.html
554,https://www.jagran.com/news/national-patanjali-road-clear-rejects-petition-challenging-land-allocation-in-mp-18360104.html
555,https://www.jagran.com/bihar/samastipur-gangas-water-level-declines-people-breathe-in-relief-18381353.html
556,https://www.jagran.com/business/banking-loan-know-all-about-credit-card-hidden-charges-18362077.html
557,https://www.jagran.com/world/indonesia-earthquake-rocks-indonesias-lombok-island-18328986.html
558,https://www.jagran.com/news/national-weak-rupee-against-dollar-may-impact-your-pocket-too-18243583.html
559,https://www.jagran.com/bihar/saran-meeting-takes-place-in-chapra-18381273.html
560,https://www.jagran.com/news/national-hizbul-mujahideen-warned-people-not-to-participate-in-upcoming-panchayat-elections-polls-18365761.html
561,https://www.jagran.com/news/national-gaganyaan-india-first-manned-space-mission-to-send-3-persons-jagran-special-18365907.html
562,https://www.jagran.com/news/national-raid-of-pune-police-in-ranchi-for-bhima-koregaon-violence-18362378.html
563,https://www.jagran.com/world/united-kingdom-scientists-may-have-uncovered-what-dinosaur-dna-looked-like-18362282.html
564,https://www.jagran.com/world/america-brain-mechanism-that-makes-you-overeat-found-18349168.html
565,https://www.jagran.com/world/china-china-is-helping-afghanistan-set-up-mountain-brigade-to-fight-terrorism-18371224.html
566,https://www.jagran.com/world/other-researchers-find-natural-vibrations-of-cars-make-drivers-sleepy-18270021.html
567,https://www.jagran.com/uttar-pradesh/sonbhadra-teenage-death-due-to-drowning-in-pond-18381313.html
568,https://www.jagran.com/bihar/kaimoor-19th-on-the-strike-will-showcase-the-kitchens-18381416.html
569,https://www.jagran.com/world/america-americans-bid-mccain-solemn-farewell-with-us-capitol-honour-18377713.html
570,https://www.jagran.com/news/national-lung-cancer-more-dangerous-for-women-than-breast-cancer-common-man-issues-18278405.html
571,https://www.jagran.com/world/america-new-bacteria-fueled-paper-battery-invented-jagran-special-18336231.html
572,https://www.jagran.com/punjab/amritsar-disease-of-old-age-in-youth-dr-monika-sharma-18381383.html
573,https://www.jagran.com/technology/tech-guide-keep-these-5-things-in-mind-before-purchasing-a-new-laptop-to-prevent-future-problems-18366091.html
574,https://www.jagran.com/automobile/new-car-launches-made-in-india-tata-nexon-subcompact-suv-launched-in-sri-lanka-18340060.html
575,https://www.jagran.com/world/america-e-cigarettes-can-damage-dna-up-cancer-risk-18337028.html
576,https://www.jagran.com/world/america-too-much-sleep-can-up-early-death-risk-says-study-18297143.html
577,https://www.jagran.com/news/national-hiv-sufferers-women-giving-strength-to-fight-infected-children-in-chhattisgarh-18363726.html
578,https://www.jagran.com/cricket/experts-ind-vs-eng-sourav-ganguly-says-pressure-on-england-not-on-india-in-fourth-test-18367797.html
579,https://www.jagran.com/haryana/rohtak-wife-to-tie-rakhi-on-her-husbands-hand-18374623.html
580,https://www.jagran.com/news/national-ncr-the-untold-story-and-history-of-indian-criminal-tribes-18369872.html
581,https://www.jagran.com/uttarakhand/haridwar-police-found-a-girl-18381389.html
582,https://www.jagran.com/news/national-how-mushrooms-can-aid-in-diabetes-treatment-jagran-special-18325723.html
583,https://www.jagran.com/punjab/fazilka-fazilka-tagore-school-18381276.html
584,https://www.jagran.com/punjab/gurdaspur-blood-donation-donated-280-units-of-blood-donation-camp-organized-at-sant-nirankari-satsanga-bhawan-18381424.html
585,https://www.jagran.com/news/national-home-ministry-will-public-names-of-eve-teasers-and-offenders-against-women-dignity-record-maintained-by-ncrb-18367972.html
586,https://www.jagran.com/cricket/apni-baat-england-ex-bowler-graeme-swann-says-ravichandran-ashwin-a-better-off-spinner-than-nathan-lyon-18366632.html
587,https://www.jagran.com/automobile/car-buyer-guide-tips-to-know-increase-your-bike-mileage-18366524.html
588,https://www.jagran.com/automobile/car-reviews-suzuki-jimny-or-hyundai-creta-facelift-specification-and-engine-comparison-18311758.html
589,https://www.jagran.com/news/national-girls-are-learning-martial-arts-at-islamic-academy-18348557.html
590,https://www.jagran.com/world/united-kingdom-air-pollution-plus-five-other-risks-associated-with-baby-strollers-18319030.html
591,https://www.jagran.com/news/national-this-indian-chip-will-break-pride-of-foreign-companies-in-satellite-program-18374203.html
592,https://www.jagran.com/himachal-pradesh/mandi-janmashtmi-in-play-way-school-18381328.html
593,https://www.jagran.com/news/national-first-september-jagran-top-ten-news-18377300.html
594,https://www.jagran.com/news/national-all-you-need-to-know-about-india-and-pakistan-water-dispute-jagran-special-18373413.html
595,https://www.jagran.com/news/national-mcmp-pune-is-education-hub-of-india-and-oxford-of-the-east-175921867.html
596,https://www.jagran.com/world/america-21-year-old-rides-unicycle-5000km-across-china-18258498.html
597,https://www.jagran.com/news/national-india-bangladesh-sri-lanka-skip-inauguration-of-china-funded-bridge-in-male-18380955.html
598,https://www.jagran.com/jharkhand/godda-blood-band-18381314.html
599,https://www.jagran.com/technology/latest-launch-marq-launched-fully-automatic-washing-machine-below-6000-to-compete-with-samsung-18365973.html
600,https://www.jagran.com/business/biz-skill-india-introduces-insurance-cover-for-pmkvy-certified-candidates-18369745.html
601,https://www.jagran.com/technology/review-nokia-61-plus-vs-xiaomi-mi-a2-which-one-is-best-under-17000-rupees-18347267.html
602,https://www.jagran.com/haryana/sonipat-sonipat-haryana-18381325.html
603,https://www.jagran.com/news/national-guwahati-airport-roof-leak-after-rain-video-viral-people-ask-for-action-18363110.html
604,https://www.jagran.com/news/national-monsoon-likely-to-be-normal-in-august-and-september-according-to-indian-meteorological-department-18275192.html
605,https://www.jagran.com/news/national-venezuelans-are-starving-amid-economic-crisis-food-shortages-18247581.html
606,https://www.jagran.com/world/japan-north-korea-expels-japanese-tourist-who-had-been-detained-18358500.html
607,https://www.jagran.com/news/national-flight-of-the-drone-without-registration-will-be-considered-invalid-jagran-special-18365937.html
608,https://www.jagran.com/uttarakhand/almora-players-in-taiwando-show-steadiness-18381320.html
609,https://www.jagran.com/news/national-neerav-modi-made-many-fake-transactions-through-shell-companies-18371631.html
610,https://www.jagran.com/world/middle-east-wife-of-israel-prime-minister-suspected-of-receiving-bribes-18373711.html
611,https://www.jagran.com/world/other-happy-older-people-live-longer-have-a-look-jagran-special-18369913.html
612,https://www.jagran.com/uttar-pradesh/bhadohi-youth-killed-in-road-accident-18381281.html
613,https://www.jagran.com/technology/latest-launch-lg-q7-india-launch-in-mid-budget-range-to-compete-with-mi-a2-and-redmi-note-5-pro-18365899.html
614,https://www.jagran.com/punjab/fazilka-fazilka-patient-check-camp-18381349.html
615,https://www.jagran.com/news/national-germany-gives-990-crores-loan-to-ganga-cleaning-18370428.html
616,https://www.jagran.com/news/national-milk-and-ice-cream-spread-para-tuberculosis-jagran-special-18277342.html
617,https://www.jagran.com/news/national-five-grammes-of-daily-salt-intake-safe-for-heart-18301445.html
618,https://www.jagran.com/cricket/experts-sourav-ganguly-said-england-team-is-in-immense-pressure-due-to-this-reason-for-the-fourth-test-in-southampton-18369680.html
619,https://www.jagran.com/news/national-mcmp-after-most-systematic-city-now-chandigarh-is-known-for-fast-growing-economy-175921873.html
620,https://www.jagran.com/news/national-us-website-bloomberg-claims-india-has-only-940-foreign-service-officers-eight-times-less-than-china-18373714.html
621,https://www.jagran.com/cricket/headlines-team-india-is-very-busy-between-asia-cup-2018-to-world-cup2019-18381156.html
622,https://www.jagran.com/news/national-sc-judge-justice-joseph-to-sing-at-kerala-relief-function-18358860.html
623,https://www.jagran.com/bihar/bhagalpur-policits-18381391.html
624,https://www.jagran.com/news/national-magnetic-surgical-cement-can-heal-spinal-fractures-18258565.html
625,https://www.jagran.com/news/national-indian-head-noding-foreign-tourists-do-trouble-18312070.html
626,https://www.jagran.com/news/national-information-about-sheet-gang-stealing-expensive-mobile-phones-found-from-footage-wire-connected-to-nepal-18372126.html
627,https://www.jagran.com/punjab/fazilka-fazilka-cloth-distribution-18381290.html
628,https://www.jagran.com/punjab/patiala-patiala-dr-beena-buddaki-18381342.html
629,https://www.jagran.com/news/national-supreme-court-quashed-fir-registered-in-telangana-and-mumbai-against-actress-priya-prakash-varrier-18373559.html
630,https://www.jagran.com/news/national-kerala-floods-may-impact-your-kitchen-also-18333323.html
631,https://www.jagran.com/news/national-india-to-join-elite-club-with-first-biofuel-flight-between-dehradun-and-delhi-18358836.html
632,https://www.jagran.com/technology/tech-guide-transfer-money-using-a-basic-mobile-phone-and-without-internet-all-you-want-to-know-18369865.html
633,https://www.jagran.com/uttarakhand/almora-joining-the-mushroom-production-18381295.html
634,https://www.jagran.com/news/national-which-is-perfect-position-during-driving-on-high-way-jagran-special-18373858.html
635,https://www.jagran.com/automobile/latest-news-tata-motors-volumes-grow-by-27-per-cent-in-aug2018-18380716.html
636,https://www.jagran.com/cricket/bouncer-khaleel-ahmed-will-play-in-asia-cup-2018-for-team-india-18378061.html
637,https://www.jagran.com/technology/tech-news-apple-launch-new-iphone-on-12-september-18374948.html
638,https://www.jagran.com/world/canada-emotional-stress-key-factor-for-heart-attacks-in-women-18356241.html
639,https://www.jagran.com/news/national-maharashtra-police-briefing-on-bhima-koregaon-violence-case-big-controversy-was-being-plotted-by-maoist-sudha-and-others-18375689.html
640,https://www.jagran.com/politics/international-us-slaps-sanctions-on-two-pak-firms-for-nuke-missile-related-activities-18378309.html
641,https://www.jagran.com/politics/state-karnataka-will-become-the-cornerstone-of-cabinet-expansion-six-congress-mlas-to-be-ministers-18378897.html
642,https://www.jagran.com/haryana/jhajjar-hygiene-survey-in-haryana-18373673.html
643,https://www.jagran.com/business/expert-column-know-what-is-necessary-while-investing-in-equity-18308412.html
644,https://www.jagran.com/business/expert-column-do-not-get-into-direct-investment-without-any-experience-18198840.html
645,https://www.jagran.com/news/national-turmeric-in-your-food-it-can-help-kill-cancer-jagran-special-18293408.html
646,https://www.jagran.com/bihar/jamui-fir-lodged-18381409.html
647,https://www.jagran.com/uttarakhand/dehradun-city-new-cases-of-dengue-in-doon-and-roorkee-18381247.html
648,https://www.jagran.com/news/national-when-army-rescue-of-terrorist-salahuddin-son-example-of-humor-18371097.html
649,https://www.jagran.com/politics/national-telangana-rashtra-samithi-rally-to-be-held-in-ranga-reddy-district-18380880.html
650,https://www.jagran.com/punjab/fazilka-abh-three-people-from-haryana-who-caught-snakes-18381438.html
651,https://www.jagran.com/politics/national-activist-medha-patkar-not-allowed-to-meet-patidar-leader-hardik-patel-at-fast-venue-in-ahmedabad-18379182.html
652,https://www.jagran.com/business/insurance-four-reasons-for-rejection-of-your-life-insurance-claim-18337293.html
653,https://www.jagran.com/world/united-kingdom-shed-flab-by-changing-your-breakfast-dinner-timings-18369972.html
654,https://www.jagran.com/news/national-interior-design-of-women-coach-of-indian-railway-build-at-matunga-workshop-central-railway-18373979.html
655,https://www.jagran.com/bihar/jamui-jagran-abhiyan-on-malnutrition-18381305.html
656,https://www.jagran.com/business/news-douching-will-become-outsourcing-hub-in-china-175921832.html
657,https://www.jagran.com/news/national-israeli-crime-control-system-will-be-tried-at-rajkot-fair-18380714.html
658,https://www.jagran.com/news/national-kochi-airport-airlines-set-to-resume-operations-today-after-kerala-floods-18365774.html
659,https://www.jagran.com/news/national-young-girl-said-i-am-married-but-want-to-be-stay-with-my-parents-18363731.html
660,https://www.jagran.com/news/national-mcmp-how-to-make-city-clean-learn-from-indore-175921858.html
661,https://www.jagran.com/world/america-increasing-air-pollution-shortening-global-life-span-by-more-than-one-year-common-man-issue-18345437.html
662,https://www.jagran.com/entertainment/bollywood-trailer-of-ayushmann-khurrana-and-radhika-apte-film-andhadhun-is-out-18381310.html
663,https://www.jagran.com/world/middle-east-iran-says-it-signed-deal-to-rebuild-syrias-military-18362090.html
664,https://www.jagran.com/punjab/mansa-facilities-not-provided-to-players-18381407.html
665,https://www.jagran.com/uttarakhand/udhamsingh-nagar-workers-do-their-responsibility-for-discharge-bhatt-18381382.html
666,https://www.jagran.com/haryana/panchkula-special-session-of-haryana-assembly-on-mahatma-gandhi-jayanti-18374869.html
667,https://www.jagran.com/news/national-professor-claims-that-golgappa-is-medicine-for-cold-18266307.html
668,https://www.jagran.com/news/national-sc-said-equitable-reservation-system-applicable-in-all-centralised-states-including-delhi-18369710.html
669,https://www.jagran.com/news/national-raksha-bandhan-late-police-constable-sister-ties-rakhi-to-his-statue-in-dantewada-18355754.html
670,https://www.jagran.com/cricket/headlines-virat-kohli-send-his-signed-t-shirt-to-pakistani-journalist-and-now-his-country-praised-the-icon-18352236.html
671,https://www.jagran.com/news/national-untold-story-of-gilly-gilly-wonderman-magician-gogia-pasha-jagran-special-18361263.html
672,https://www.jagran.com/cricket/experts-indian-playing-fourth-test-match-against-england-18378759.html
673,https://www.jagran.com/news/national-most-people-live-in-depression-who-earn-three-lakh-18287346.html
674,https://www.jagran.com/news/national-how-to-stop-unwanted-calls-18251419.html
675,https://www.jagran.com/news/national-prisoner-will-donate-1-lakh-for-kerala-flood-victims-18377247.html
676,https://www.jagran.com/world/america-google-track-your-movements-even-without-consent-sometimes-according-to-research-at-princeton-common-man-issue-18312410.html
677,https://www.jagran.com/news/national-baby-hand-out-of-the-uterus-and-pregnant-woman-referred-to-another-hospital-18363728.html
678,https://www.jagran.com/business/biz-allahabad-hc-refuses-interim-relief-to-power-firms-from-rbi-order-18362200.html
679,https://www.jagran.com/delhi/new-delhi-city-ncr-do-not-take-dengue-patients-brufen-and-aspirin-common-man-issues-18304674.html
680,https://www.jagran.com/news/national-consumption-of-almonds-in-the-morning-breakfast-can-help-control-cholesterol-and-improved-blood-sugar-jagran-special-18325665.html
681,https://www.jagran.com/news/national-northern-railway-will-change-200-trains-see-time-table-18313388.html
682,https://www.jagran.com/world/america-youtube-videos-on-plastic-surgery-can-be-misleading-18332449.html
683,https://www.jagran.com/world/pakistan-for-first-time-imran-reaches-military-headquarters-bajwa-gives-him-information-about-security-matters-18370223.html
684,https://www.jagran.com/news/national-warm-room-temperatures-may-help-lower-blood-pressure-jagran-special-18347202.html
685,https://www.jagran.com/news/national-unique-plan-of-pm-modi-to-provide-multi-storey-accommodation-to-poor-of-village-18378256.html
686,https://www.jagran.com/world/other-what-is-dementia-its-symptoms-and-causes-or-treatment-jagran-special-18262285.html
687,https://www.jagran.com/world/middle-east-intense-air-strikes-target-airport-in-yemen-capital-18362466.html
688,https://www.jagran.com/business/top15-india-post-payments-bank-launched-know-about-its-10-things-18379852.html
689,https://www.jagran.com/bihar/gopalganj-malnutrition-is-a-big-problem-18381346.html
690,https://www.jagran.com/news/national-during-joint-military-excerise-india-pakistan-soldiers-dance-together-in-russia-on-sapna-chaudhary-song-18369627.html
691,https://www.jagran.com/world/russia-18-feared-dead-in-russian-chopper-mi-8-crash-18278294.html
692,https://www.jagran.com/uttar-pradesh/lucknow-city-sports-complex-will-built-in-iet-18270634.html
693,https://www.jagran.com/news/national-interesting-fact-of-saint-tarun-sagar-18380706.html
694,https://www.jagran.com/news/national-third-and-last-solar-eclipse-of-this-year-18304686.html
695,https://www.jagran.com/punjab/fazilka-fazilka-sarv-hitkari-18381333.html
696,https://www.jagran.com/politics/national-ncr-fir-against-bhupinder-singh-hooda-and-robert-vadra-in-land-grab-case-18378686.html
697,https://www.jagran.com/himachal-pradesh/bilaspur-hp-janmashatmi-celebrated-in-gress-garden-school-18381388.html
698,https://www.jagran.com/uttarakhand/haridwar-gfhgh-18381315.html
699,https://www.jagran.com/uttar-pradesh/balrampur-inhuman-incident-in-balrampur-18381272.html
700,https://www.jagran.com/news/national-after-arrest-of-five-maoist-in-5-states-plot-to-assassinate-pm-modi-jagran-special-18365791.html
701,https://www.jagran.com/punjab/chandigarh-action-will-be-on-deceiver-nri-grooms-18374497.html
702,https://www.jagran.com/cricket/bouncer-air-ambulance-landed-and-halted-play-due-to-a-medical-emergency-of-a-spectator-during-the-county-game-18070544.html
703,https://www.jagran.com/news/national-suggestions-to-start-the-5g-spectrum-auction-till-december-to-speed-up-the-mobile-service-18344804.html
704,https://www.jagran.com/news/national-supreme-court-hearing-on-plea-against-article-35a-jammu-kashmir-18358494.html
705,https://www.jagran.com/world/pakistan-liquor-bottles-from-former-minister-room-in-the-raid-of-chief-justice-of-pakistan-18378462.html
706,https://www.jagran.com/news/national-women-take-revenge-in-strange-manner-in-thane-18362168.html
707,https://www.jagran.com/business/expert-column-understanding-of-people-on-fixed-deposit-vs-mutual-funds-is-getting-better-nowdays-18329190.html
708,https://www.jagran.com/news/national-law-commission-no-necessary-uniform-civil-code-personal-laws-18377248.html
709,https://www.jagran.com/news/national-goair-flight-from-bengaluru-to-pune-made-an-emergency-landing-at-bengaluru-airport-18380947.html
710,https://www.jagran.com/world/america-facebook-communicating-with-banks-to-improve-customer-service-18293076.html
711,https://www.jagran.com/punjab/chandigarh-law-of-pakistan-bustling-in-india-18374905.html
712,https://www.jagran.com/business/top15-how-can-protect-your-pan-card-can-be-misused-by-strangers-18369795.html
713,https://www.jagran.com/news/national-blue-light-from-smartphones-may-speed-blindness-18297416.html
714,https://www.jagran.com/automobile/latest-news-know-about-mahindra-marazzo-10-big-things-18381365.html
715,https://www.jagran.com/news/national-after-muzaffarpur-center-asks-state-to-build-a-integrated-protection-house-instead-of-district-level-shelter-homes-18374985.html
716,https://www.jagran.com/news/national-scientists-design-new-type-of-bed-net-could-help-fight-against-malaria-jagran-special-18311575.html
717,https://www.jagran.com/cricket/bouncer-england-will-give-a-green-top-wicket-in-southampton-to-beat-india-will-kohli-and-company-survive-jagran-special-18369654.html
718,https://www.jagran.com/west-bengal/bardhaman-janamastami-shobhayatra-18381304.html
719,https://www.jagran.com/news/national-government-has-issued-toll-free-helpline-for-nutrition-18359925.html
720,https://www.jagran.com/news/national-nasa-captures-monsoon-rains-bringing-flooding-to-india-jagran-special-18365822.html
721,https://www.jagran.com/technology/tech-news-indian-users-prefer-gaming-smartphones-and-camera-features-says-report-18364699.html
722,https://www.jagran.com/technology/social-media-facebook-twitter-ban-fake-accounts-for-coordinated-inauthentic-behaviour-18347157.html
723,https://www.jagran.com/automobile/latest-news-2020-bmw-x6-spotted-testing-18370574.html
724,https://www.jagran.com/news/national-india-will-be-partner-country-in-ambiente-fair-in-germany-18367121.html
725,https://www.jagran.com/news/national-31st-august-jagran-top-ten-news-18373376.html
726,https://www.jagran.com/himachal-pradesh/mandi-daya-ram-thakur-elect-c-and-v-disst-president-18381308.html
727,https://www.jagran.com/world/canada-alaska-was-likely-superhighway-for-dinosaurs-study-says-18322490.html
728,https://www.jagran.com/politics/national-due-to-the-poisonous-fumes-of-parli-it-is-no-longer-scary-18344806.html
729,https://www.jagran.com/technology/apps-download-these-go-and-lite-apps-from-google-play-store-18347474.html
730,https://www.jagran.com/news/national-railway-increases-risk-and-hardship-allowance-of-mates-keyman-petrolman-to-maintain-tracks-18367861.html
731,https://www.jagran.com/news/national-a-drunk-passenger-on-new-york-delhi-air-india-flight-urinated-on-the-seat-of-a-lady-passenger-18377354.html
732,https://www.jagran.com/news/national-china-is-supplying-steel-bullet-to-terrorists-in-kashmir-18374615.html
733,https://www.jagran.com/haryana/rewari-iffco-18381449.html
734,https://www.jagran.com/news/national-people-of-village-will-take-advantage-of-banking-facilities-through-postmen-from-sept-one-18367559.html
735,https://www.jagran.com/punjab/fazilka-fazilka-blood-donation-camp-18381364.html
736,https://www.jagran.com/himachal-pradesh/bilaspur-hp-programme-organise-in-bilaspur-18381406.html
737,https://www.jagran.com/news/national-ncr-this-fascinating-ufo-landing-pad-has-been-built-in-the-middle-of-the-argentinian-desert-by-a-man-18359188.html
738,https://www.jagran.com/news/national-hpjagranspecial-birthday-special-dushyant-kumar-seeing-the-movie-diwar-write-to-the-amitabh-bachchan-jagran-special-18377692.html
739,https://www.jagran.com/news/national-sbi-changes-names-ifsc-codes-of-nearly-1300-branches-post-merger-with-associates-18359867.html
740,https://www.jagran.com/uttar-pradesh/lucknow-city-rail-fracture-on-lucknow-kanpur-route-18381335.html
741,https://www.jagran.com/business/expert-column-it-is-important-to-know-the-benefits-before-investing-18254812.html
742,https://www.jagran.com/himachal-pradesh/mandi-vikas-elect-president-18381362.html
743,https://www.jagran.com/himachal-pradesh/solan-horticulture-advisiry-18381311.html
744,https://www.jagran.com/delhi/new-delhi-city-ncr-rain-fall-possible-in-delhi-ncr-next-three-days-common-man-issues-18325477.html
745,https://www.jagran.com/punjab/fazilka-fazilka-ssp-balaji-18381318.html
746,https://www.jagran.com/news/national-scientists-develop-a-preliminary-universal-vaccine-for-influenza-virus-18266121.html
747,https://www.jagran.com/news/national-dearness-allowance-legal-rights-of-government-employees-high-court-18376086.html
748,https://www.jagran.com/world/america-the-dangers-of-secondhand-smoke-jagran-special-18343370.html
749,https://www.jagran.com/news/national-para-sf-commandos-of-indian-army-contingent-carried-out-free-fall-jump-at-255-services-ranges-in-sco-18363835.html
750,https://www.jagran.com/news/national-national-human-rights-commission-seeks-report-from-up-government-of-ragging-at-moti-lal-nehru-medical-college-in-allahabad-18372079.html
751,https://www.jagran.com/news/national-eat-strawberries-to-keep-your-gut-healthy-benefits-of-strawberries-jagran-special-18340202.html
752,https://www.jagran.com/technology/social-media-facebook-and-instagram-now-tell-you-how-much-time-you-spent-on-social-media-175921468.html
753,https://www.jagran.com/news/national-naxal-commander-killed-who-surrendered-4-days-before-18369574.html
754,https://www.jagran.com/news/national-hizbul-chief-salahuddin-son-arrested-in-terror-funding-case-18369593.html
755,https://www.jagran.com/haryana/faridabad-faridabad-tigaon-thana-road-18381317.html
756,https://www.jagran.com/himachal-pradesh/chamba-death-18381301.html
757,https://www.jagran.com/news/national-madras-high-court-directs-to-made-separate-lane-for-sitting-judges-and-vip-18369609.html
758,https://www.jagran.com/news/national-india-being-considered-for-aerial-taxi-service-18371252.html
759,https://www.jagran.com/world/china-china-heat-breaks-record-of-six-decades-18363805.html
760,https://www.jagran.com/news/national-railways-ordered-to-pay-rs-25000-compensation-to-victim-of-rat-bite-in-train-18367637.html
761,https://www.jagran.com/technology/apps-download-these-apps-from-google-play-store-for-green-screen-effect-18364781.html
762,https://www.jagran.com/world/america-new-system-may-help-users-quit-smoking-18266542.html
763,https://www.jagran.com/business/savings-open-an-account-at-just-20-rupee-and-get-interest-equivalent-to-bank-saving-account-18373355.html
764,https://www.jagran.com/news/national-fb-real-test-will-be-india-and-brazil-elections-fake-accounts-will-be-blocked-18247066.html
765,https://www.jagran.com/news/national-truck-flown-in-the-river-rescue-and-save-lives-of-three-people-18359003.html
766,https://www.jagran.com/technology/apps-you-can-now-take-mosquitoes-away-from-you-with-the-help-of-this-app-18369727.html
767,https://www.jagran.com/uttar-pradesh/mirzapur-authority-will-change-in-five-years-city-look-18381289.html
768,https://www.jagran.com/news/national-nda-government-is-investing-at-a-very-large-level-to-convert-biomass-into-biofuels-jagran-special-18362076.html
769,https://www.jagran.com/news/national-after-kiki-challenge-dangerous-dragons-breath-gone-viral-18270262.html
770,https://www.jagran.com/jharkhand/latehar-four-studennt-success-in-radha-krishan-child-form-competition-18381459.html
771,https://www.jagran.com/bihar/kaimoor-action-on-negligent-personnel-in-cleanliness-campaign-18381286.html
772,https://www.jagran.com/automobile/new-car-launches-2018-bajaj-pulsar-ns-160-rear-disc-brake-variant-launched-18340902.html
773,https://www.jagran.com/bihar/saran-main-road-jam-18381299.html
774,https://www.jagran.com/delhi/new-delhi-city-ncr-national-capital-delhi-to-get-2-gifts-soon-to-ease-the-tavel-common-man-issues-18251028.html
775,https://www.jagran.com/news/national-muni-padma-prabhchandra-sagar-answers-200-questions-in-same-order-18373393.html
776,https://www.jagran.com/news/national-government-sought-information-from-jet-airways-on-the-current-crisis-18357181.html
777,https://www.jagran.com/punjab/moga-india-post-payment-bank-started-in-moga-man-post-office-18381066.html
778,https://www.jagran.com/jharkhand/dhanbad-lagese-banker-will-be-removed-from-general-rail-coach-jagran-special-18333900.html
779,https://www.jagran.com/uttarakhand/udhamsingh-nagar-couple-arrested-with-575-intoxicant-injection-18381274.html
780,https://www.jagran.com/news/national-kapoor-family-ready-to-sell-iconic-rk-studios-jagran-special-18358522.html
781,https://www.jagran.com/technology/tech-news-are-you-using-a-stolen-mobile-phone-know-how-to-track-it-18369776.html
782,https://www.jagran.com/politics/national-govt-asks-citizens-not-to-use-national-flags-made-up-of-plastic-18293539.html
783,https://www.jagran.com/world/america-us-accuses-china-of-using-fake-linkedin-accounts-to-hire-potential-american-spies-18378742.html
784,https://www.jagran.com/news/national-work-on-first-phase-of-eastern-dedicated-freight-corridor-to-conclude-by-august2018-18304670.html
785,https://www.jagran.com/news/national-make-provision-to-cover-mental-illness-in-policies-irdai-says-to-insurance-firms-18327350.html
786,https://www.jagran.com/world/canada-researchers-trained-robots-to-write-poetry-18319076.html
787,https://www.jagran.com/world/canada-artificial-intelligence-technology-to-detect-blood-sugar-level-18243490.html
788,https://www.jagran.com/haryana/panchkula-husband-murder-his-wife-18377402.html
789,https://www.jagran.com/technology/tech-news-airtel-extends-partnership-with-netflix-to-postpaid-and-broadband-users-18359337.html
790,https://www.jagran.com/punjab/moga-sloganeering-against-badal-government-18381452.html
791,https://www.jagran.com/himachal-pradesh/kullu-kullu-seven-hotle-relise-in-manikaran-18381387.html
792,https://www.jagran.com/world/china-india-natural-partner-in-belt-and-road-says-china-18362203.html
793,https://www.jagran.com/news/national-discount-on-digital-payment-at-petrol-pumps-cut-down-18272026.html
794,https://www.jagran.com/himachal-pradesh/bilaspur-hp-mud-creat-proble-on-ladror-road-18381373.html
795,https://www.jagran.com/world/china-chinese-researchers-develop-new-way-to-make-high-quality-artificial-timber-18311588.html
796,https://www.jagran.com/news/national-your-mobile-can-now-take-mosquitoes-away-from-you-18369890.html
797,https://www.jagran.com/punjab/gurdaspur-due-to-antisikh-policies-the-congress-government-burnt-the-effigy-in-dera-baba-nanak-18381439.html
798,https://www.jagran.com/world/japan-researchers-identify-two-genes-that-control-rem-sleep-18377387.html
799,https://www.jagran.com/uttarakhand/udhamsingh-nagar-li-oath-on-installation-day-18381356.html
800,https://www.jagran.com/punjab/jalandhar-city-diesel-costs-more-than-rs70-18377305.html
801,https://www.jagran.com/news/national-do-not-ignore-dizziness-when-standing-up-you-may-be-at-risk-of-dementia-18247456.html
802,https://www.jagran.com/news/national-10-people-feared-trapped-after-a-four-storey-building-in-ahmedabad-odhav-area-collapsed-18357071.html
803,https://www.jagran.com/news/national-fence-to-be-seen-on-freight-corridor-to-prevent-accident-18323747.html
804,https://www.jagran.com/news/national-30th-august-jagran-top-ten-news-18369591.html
805,https://www.jagran.com/news/national-narendra-dabholkar-and-gauri-lankesh-murders-linked-cbi-tells-court-18356839.html
806,https://www.jagran.com/cricket/headlines-sachin-tendulkar-birthday-wish-to-ishant-sharma-in-funny-way-18380946.html
807,https://www.jagran.com/world/united-kingdom-earth-heading-towards-irreversible-hothouse-state-18289730.html
808,https://www.jagran.com/politics/national-goverment-will-not-monitor-social-media-after-supreme-court-surveillance-state-remark-jagran-special-18278316.html
809,https://www.jagran.com/news/national-school-girls-tying-rakhi-on-wrists-of-bsf-jawans-posted-on-border-tour-of-india-protection-chariot-end-18357328.html
810,https://www.jagran.com/world/russia-russia-reaffirms-commitment-to-iran-nuclear-deal-18325643.html
811,https://www.jagran.com/bihar/bhojpur-lifeline-express-will-come-18381366.html
812,https://www.jagran.com/news/national-reform-of-railway-track-changes-in-time-of-67-trains-including-capital-18306077.html
813,https://www.jagran.com/politics/national-situation-in-flood-affected-kerala-very-serious-says-rajnath-singh-18308880.html
814,https://www.jagran.com/news/national-you-can-register-for-voter-id-update-details-in-voters-list-online-18375134.html
815,https://www.jagran.com/business/banking-loan-change-your-sbi-magstripe-debit-card-to-emv-chip-debit-card-18362315.html
816,https://www.jagran.com/news/national-begining-of-sawan-brings-devotees-of-lord-shankar-18250926.html
817,https://www.jagran.com/uttar-pradesh/varanasi-city-protest-of-congress-worker-in-varanasi-against-government-18365985.html
818,https://www.jagran.com/news/national-jain-society-do-not-have-girls-for-marriage-18302687.html
819,https://www.jagran.com/punjab/bhatinda-returnig-officers-18381277.html
820,https://www.jagran.com/jharkhand/giridih-arresting-in-crime-18381330.html
821,https://www.jagran.com/news/national-taj-mahal-not-there-it-will-not-get-another-chance-to-preserve-it-says-supreme-court-18363791.html
822,https://www.jagran.com/news/national-market-research-company-ipsos-claims-indians-are-worried-over-rising-medical-costs-18356015.html
823,https://www.jagran.com/punjab/gurdaspur-leftist-parties-in-the-kalanaur-area-extinguished-rash-march-seeking-execution-of-former-chief-minister-for-hanging-18381343.html
824,https://www.jagran.com/world/america-simple-paper-test-detects-fake-antibiotics-18340342.html
825,https://www.jagran.com/himachal-pradesh/sirmaur-demand-to-govt-18381381.html
826,https://www.jagran.com/jharkhand/palamu-abvp-meeting-18381393.html
827,https://www.jagran.com/news/national-situation-of-government-banks-in-country-can-worsen-due-to-npa-18356414.html
828,https://www.jagran.com/world/pakistan-indo-pak-officials-to-visit-indus-valley-18374637.html
829,https://www.jagran.com/politics/national-the-meeting-of-the-gst-council-will-be-held-today-18278143.html
830,https://www.jagran.com/bihar/samastipur-inauguration-of-seven-schemes-in-dudhpura-18381297.html
831,https://www.jagran.com/himachal-pradesh/solan-rajputsabha-seys-reservetion-system-fail-18381337.html
832,https://www.jagran.com/news/national-air-india-removes-general-manager-ifs-from-his-post-18360146.html
833,https://www.jagran.com/news/national-ten-lakh-awardi-to-naxalite-kargil-yadav-sarendered-18375220.html
834,https://www.jagran.com/himachal-pradesh/bilaspur-hp-programme-orgnise-in-kothi-18381302.html
835,https://www.jagran.com/politics/national-from-october-shatabdi-rajdhani-trains-do-not-take-shocks-the-revision-in-the-design-18348612.html
836,https://www.jagran.com/delhi/new-delhi-city-ncr-noida-greater-noida-metro-aqua-line-may-begin-by-october-common-man-issues-18304655.html
837,https://www.jagran.com/haryana/panipat-rebel-bjp-mp-rajkumar-saini-has-launched-new-party-called-loktantra-suraksha-party-18380964.html
